SLOT_ID,CHIP_ID,CHIP_TYPE,CORE_ID,CORE_TYPE,CORE_LANE,LANE_SPEED(mbps),MEDIA_TYPE,TCVR_VENDOR,NIC_VENDOR,CABLE_LENGTH(m),TX_PRE3,TX_PRE2,TX_PRE1,TX_MAIN,TX_POST1,TX_POST2,TX_POST3,TX_DRIVE_CURRENT,RX_CTLE_CODE,RX_DSP_MODE,RX_AFE_TRIM
1,1,NPU,0,CHENAB_NIF,0,100000,BACKPLANE,,,,0,5,-15,43,0,,,55,,,
1,1,NPU,0,CHENAB_NIF,1,100000,BACKPLANE,,,,0,5,-15,43,0,,,55,,,
1,1,NPU,0,CHENAB_NIF,2,100000,BACKPLANE,,,,0,5,-15,43,0,,,55,,,
1,1,NPU,0,CHENAB_NIF,3,100000,BACKPLANE,,,,0,5,-15,43,0,,,55,,,
1,1,NPU,0,CHENAB_NIF,4,100000,BACKPLANE,,,,0,5,-15,43,0,,,55,,,
1,1,NPU,0,CHENAB_NIF,5,100000,BACKPLANE,,,,0,5,-15,43,0,,,55,,,
1,1,NPU,0,CHENAB_NIF,6,100000,BACKPLANE,,,,0,5,-15,43,0,,,55,,,
1,1,NPU,0,CHENAB_NIF,7,100000,BACKPLANE,,,,0,5,-15,43,0,,,55,,,
1,1,NPU,0,CHENAB_NIF,8,100000,BACKPLANE,,,,0,5,-15,43,0,,,55,,,
1,1,NPU,0,CHENAB_NIF,9,100000,BACKPLANE,,,,0,5,-15,43,0,,,55,,,
1,1,NPU,0,CHENAB_NIF,10,100000,BACKPLANE,,,,0,5,-15,43,0,,,55,,,
1,1,NPU,0,CHENAB_NIF,11,100000,BACKPLANE,,,,0,5,-15,43,0,,,55,,,
1,1,NPU,0,CHENAB_NIF,12,100000,BACKPLANE,,,,0,5,-15,43,0,,,55,,,
1,1,NPU,0,CHENAB_NIF,13,100000,BACKPLANE,,,,0,5,-15,43,0,,,55,,,
1,1,NPU,0,CHENAB_NIF,14,100000,BACKPLANE,,,,0,5,-15,43,0,,,55,,,
1,1,NPU,0,CHENAB_NIF,15,100000,BACKPLANE,,,,0,5,-15,43,0,,,55,,,
1,1,NPU,0,CHENAB_NIF,16,100000,BACKPLANE,,,,0,5,-15,43,0,,,55,,,
1,1,NPU,0,CHENAB_NIF,17,100000,BACKPLANE,,,,0,5,-15,43,0,,,55,,,
1,1,NPU,0,CHENAB_NIF,18,100000,BACKPLANE,,,,0,5,-15,43,0,,,55,,,
1,1,NPU,0,CHENAB_NIF,19,100000,BACKPLANE,,,,0,5,-15,43,0,,,55,,,
1,1,NPU,0,CHENAB_NIF,20,100000,BACKPLANE,,,,0,5,-15,43,0,,,55,,,
1,1,NPU,0,CHENAB_NIF,21,100000,BACKPLANE,,,,0,5,-15,43,0,,,55,,,
1,1,NPU,0,CHENAB_NIF,22,100000,BACKPLANE,,,,0,5,-15,43,0,,,55,,,
1,1,NPU,0,CHENAB_NIF,23,100000,BACKPLANE,,,,0,5,-15,43,0,,,55,,,
1,1,NPU,0,CHENAB_NIF,24,100000,BACKPLANE,,,,0,5,-15,43,0,,,55,,,
1,1,NPU,0,CHENAB_NIF,25,100000,BACKPLANE,,,,0,5,-15,43,0,,,55,,,
1,1,NPU,0,CHENAB_NIF,26,100000,BACKPLANE,,,,0,5,-15,43,0,,,55,,,
1,1,NPU,0,CHENAB_NIF,27,100000,BACKPLANE,,,,0,5,-15,43,0,,,55,,,
1,1,NPU,0,CHENAB_NIF,28,100000,BACKPLANE,,,,0,5,-15,43,0,,,55,,,
1,1,NPU,0,CHENAB_NIF,29,100000,BACKPLANE,,,,0,5,-15,43,0,,,55,,,
1,1,NPU,0,CHENAB_NIF,30,100000,BACKPLANE,,,,0,5,-15,43,0,,,55,,,
1,1,NPU,0,CHENAB_NIF,31,100000,BACKPLANE,,,,0,5,-15,43,0,,,55,,,
1,1,NPU,0,CHENAB_NIF,32,100000,BACKPLANE,,,,0,5,-15,43,0,,,55,,,
1,1,NPU,0,CHENAB_NIF,33,100000,BACKPLANE,,,,0,5,-15,43,0,,,55,,,
1,1,NPU,0,CHENAB_NIF,34,100000,BACKPLANE,,,,0,5,-15,43,0,,,55,,,
1,1,NPU,0,CHENAB_NIF,35,100000,BACKPLANE,,,,0,5,-15,43,0,,,55,,,
1,1,NPU,0,CHENAB_NIF,36,100000,BACKPLANE,,,,0,5,-15,43,0,,,55,,,
1,1,NPU,0,CHENAB_NIF,37,100000,BACKPLANE,,,,0,5,-15,43,0,,,55,,,
1,1,NPU,0,CHENAB_NIF,38,100000,BACKPLANE,,,,0,5,-15,43,0,,,55,,,
1,1,NPU,0,CHENAB_NIF,39,100000,BACKPLANE,,,,0,5,-15,43,0,,,55,,,
1,1,NPU,0,CHENAB_NIF,40,100000,BACKPLANE,,,,0,5,-15,43,0,,,55,,,
1,1,NPU,0,CHENAB_NIF,41,100000,BACKPLANE,,,,0,5,-15,43,0,,,55,,,
1,1,NPU,0,CHENAB_NIF,42,100000,BACKPLANE,,,,0,5,-15,43,0,,,55,,,
1,1,NPU,0,CHENAB_NIF,43,100000,BACKPLANE,,,,0,5,-15,43,0,,,55,,,
1,1,NPU,0,CHENAB_NIF,44,100000,BACKPLANE,,,,0,5,-15,43,0,,,55,,,
1,1,NPU,0,CHENAB_NIF,45,100000,BACKPLANE,,,,0,5,-15,43,0,,,55,,,
1,1,NPU,0,CHENAB_NIF,46,100000,BACKPLANE,,,,0,5,-15,43,0,,,55,,,
1,1,NPU,0,CHENAB_NIF,47,100000,BACKPLANE,,,,0,5,-15,43,0,,,55,,,
1,1,NPU,0,CHENAB_NIF,48,100000,BACKPLANE,,,,0,5,-15,43,0,,,55,,,
1,1,NPU,0,CHENAB_NIF,49,100000,BACKPLANE,,,,0,5,-15,43,0,,,55,,,
1,1,NPU,0,CHENAB_NIF,50,100000,BACKPLANE,,,,0,5,-15,43,0,,,55,,,
1,1,NPU,0,CHENAB_NIF,51,100000,BACKPLANE,,,,0,5,-15,43,0,,,55,,,
1,1,NPU,0,CHENAB_NIF,52,100000,BACKPLANE,,,,0,5,-15,43,0,,,55,,,
1,1,NPU,0,CHENAB_NIF,53,100000,BACKPLANE,,,,0,5,-15,43,0,,,55,,,
1,1,NPU,0,CHENAB_NIF,54,100000,BACKPLANE,,,,0,5,-15,43,0,,,55,,,
1,1,NPU,0,CHENAB_NIF,55,100000,BACKPLANE,,,,0,5,-15,43,0,,,55,,,
1,1,NPU,0,CHENAB_NIF,56,100000,BACKPLANE,,,,0,5,-15,43,0,,,55,,,
1,1,NPU,0,CHENAB_NIF,57,100000,BACKPLANE,,,,0,5,-15,43,0,,,55,,,
1,1,NPU,0,CHENAB_NIF,58,100000,BACKPLANE,,,,0,5,-15,43,0,,,55,,,
1,1,NPU,0,CHENAB_NIF,59,100000,BACKPLANE,,,,0,5,-15,43,0,,,55,,,
1,1,NPU,0,CHENAB_NIF,60,100000,BACKPLANE,,,,0,5,-15,43,0,,,55,,,
1,1,NPU,0,CHENAB_NIF,61,100000,BACKPLANE,,,,0,5,-15,43,0,,,55,,,
1,1,NPU,0,CHENAB_NIF,62,100000,BACKPLANE,,,,0,5,-15,43,0,,,55,,,
1,1,NPU,0,CHENAB_NIF,63,100000,BACKPLANE,,,,0,5,-15,43,0,,,55,,,
1,1,NPU,0,CHENAB_NIF,64,100000,BACKPLANE,,,,0,5,-15,43,0,,,55,,,
1,1,NPU,0,CHENAB_NIF,65,100000,BACKPLANE,,,,0,5,-15,43,0,,,55,,,
1,1,NPU,0,CHENAB_NIF,66,100000,BACKPLANE,,,,0,5,-15,43,0,,,55,,,
1,1,NPU,0,CHENAB_NIF,67,100000,BACKPLANE,,,,0,5,-15,43,0,,,55,,,
1,1,NPU,0,CHENAB_NIF,68,100000,BACKPLANE,,,,0,5,-15,43,0,,,55,,,
1,1,NPU,0,CHENAB_NIF,69,100000,BACKPLANE,,,,0,5,-15,43,0,,,55,,,
1,1,NPU,0,CHENAB_NIF,70,100000,BACKPLANE,,,,0,5,-15,43,0,,,55,,,
1,1,NPU,0,CHENAB_NIF,71,100000,BACKPLANE,,,,0,5,-15,43,0,,,55,,,
1,1,NPU,0,CHENAB_NIF,72,100000,BACKPLANE,,,,0,5,-15,43,0,,,55,,,
1,1,NPU,0,CHENAB_NIF,73,100000,BACKPLANE,,,,0,5,-15,43,0,,,55,,,
1,1,NPU,0,CHENAB_NIF,74,100000,BACKPLANE,,,,0,5,-15,43,0,,,55,,,
1,1,NPU,0,CHENAB_NIF,75,100000,BACKPLANE,,,,0,5,-15,43,0,,,55,,,
1,1,NPU,0,CHENAB_NIF,76,100000,BACKPLANE,,,,0,5,-15,43,0,,,55,,,
1,1,NPU,0,CHENAB_NIF,77,100000,BACKPLANE,,,,0,5,-15,43,0,,,55,,,
1,1,NPU,0,CHENAB_NIF,78,100000,BACKPLANE,,,,0,5,-15,43,0,,,55,,,
1,1,NPU,0,CHENAB_NIF,79,100000,BACKPLANE,,,,0,5,-15,43,0,,,55,,,
1,1,NPU,0,CHENAB_NIF,80,100000,BACKPLANE,,,,0,5,-15,43,0,,,55,,,
1,1,NPU,0,CHENAB_NIF,81,100000,BACKPLANE,,,,0,5,-15,43,0,,,55,,,
1,1,NPU,0,CHENAB_NIF,82,100000,BACKPLANE,,,,0,5,-15,43,0,,,55,,,
1,1,NPU,0,CHENAB_NIF,83,100000,BACKPLANE,,,,0,5,-15,43,0,,,55,,,
1,1,NPU,0,CHENAB_NIF,84,100000,BACKPLANE,,,,0,5,-15,43,0,,,55,,,
1,1,NPU,0,CHENAB_NIF,85,100000,BACKPLANE,,,,0,5,-15,43,0,,,55,,,
1,1,NPU,0,CHENAB_NIF,86,100000,BACKPLANE,,,,0,5,-15,43,0,,,55,,,
1,1,NPU,0,CHENAB_NIF,87,100000,BACKPLANE,,,,0,5,-15,43,0,,,55,,,
1,1,NPU,0,CHENAB_NIF,88,100000,BACKPLANE,,,,0,5,-15,43,0,,,55,,,
1,1,NPU,0,CHENAB_NIF,89,100000,BACKPLANE,,,,0,5,-15,43,0,,,55,,,
1,1,NPU,0,CHENAB_NIF,90,100000,BACKPLANE,,,,0,5,-15,43,0,,,55,,,
1,1,NPU,0,CHENAB_NIF,91,100000,BACKPLANE,,,,0,5,-15,43,0,,,55,,,
1,1,NPU,0,CHENAB_NIF,92,100000,BACKPLANE,,,,0,5,-15,43,0,,,55,,,
1,1,NPU,0,CHENAB_NIF,93,100000,BACKPLANE,,,,0,5,-15,43,0,,,55,,,
1,1,NPU,0,CHENAB_NIF,94,100000,BACKPLANE,,,,0,5,-15,43,0,,,55,,,
1,1,NPU,0,CHENAB_NIF,95,100000,BACKPLANE,,,,0,5,-15,43,0,,,55,,,
1,1,NPU,0,CHENAB_NIF,96,100000,BACKPLANE,,,,0,5,-15,43,0,,,55,,,
1,1,NPU,0,CHENAB_NIF,97,100000,BACKPLANE,,,,0,5,-15,43,0,,,55,,,
1,1,NPU,0,CHENAB_NIF,98,100000,BACKPLANE,,,,0,5,-15,43,0,,,55,,,
1,1,NPU,0,CHENAB_NIF,99,100000,BACKPLANE,,,,0,5,-15,43,0,,,55,,,
1,1,NPU,0,CHENAB_NIF,100,100000,BACKPLANE,,,,0,5,-15,43,0,,,55,,,
1,1,NPU,0,CHENAB_NIF,101,100000,BACKPLANE,,,,0,5,-15,43,0,,,55,,,
1,1,NPU,0,CHENAB_NIF,102,100000,BACKPLANE,,,,0,5,-15,43,0,,,55,,,
1,1,NPU,0,CHENAB_NIF,103,100000,BACKPLANE,,,,0,5,-15,43,0,,,55,,,
1,1,NPU,0,CHENAB_NIF,104,100000,BACKPLANE,,,,0,5,-15,43,0,,,55,,,
1,1,NPU,0,CHENAB_NIF,105,100000,BACKPLANE,,,,0,5,-15,43,0,,,55,,,
1,1,NPU,0,CHENAB_NIF,106,100000,BACKPLANE,,,,0,5,-15,43,0,,,55,,,
1,1,NPU,0,CHENAB_NIF,107,100000,BACKPLANE,,,,0,5,-15,43,0,,,55,,,
1,1,NPU,0,CHENAB_NIF,108,100000,BACKPLANE,,,,0,5,-15,43,0,,,55,,,
1,1,NPU,0,CHENAB_NIF,109,100000,BACKPLANE,,,,0,5,-15,43,0,,,55,,,
1,1,NPU,0,CHENAB_NIF,110,100000,BACKPLANE,,,,0,5,-15,43,0,,,55,,,
1,1,NPU,0,CHENAB_NIF,111,100000,BACKPLANE,,,,0,5,-15,43,0,,,55,,,
1,1,NPU,0,CHENAB_NIF,112,100000,BACKPLANE,,,,0,5,-15,43,0,,,55,,,
1,1,NPU,0,CHENAB_NIF,113,100000,BACKPLANE,,,,0,5,-15,43,0,,,55,,,
1,1,NPU,0,CHENAB_NIF,114,100000,BACKPLANE,,,,0,5,-15,43,0,,,55,,,
1,1,NPU,0,CHENAB_NIF,115,100000,BACKPLANE,,,,0,5,-15,43,0,,,55,,,
1,1,NPU,0,CHENAB_NIF,116,100000,BACKPLANE,,,,0,5,-15,43,0,,,55,,,
1,1,NPU,0,CHENAB_NIF,117,100000,BACKPLANE,,,,0,5,-15,43,0,,,55,,,
1,1,NPU,0,CHENAB_NIF,118,100000,BACKPLANE,,,,0,5,-15,43,0,,,55,,,
1,1,NPU,0,CHENAB_NIF,119,100000,BACKPLANE,,,,0,5,-15,43,0,,,55,,,
1,1,NPU,0,CHENAB_NIF,120,100000,BACKPLANE,,,,0,5,-15,43,0,,,55,,,
1,1,NPU,0,CHENAB_NIF,121,100000,BACKPLANE,,,,0,5,-15,43,0,,,55,,,
1,1,NPU,0,CHENAB_NIF,122,100000,BACKPLANE,,,,0,5,-15,43,0,,,55,,,
1,1,NPU,0,CHENAB_NIF,123,100000,BACKPLANE,,,,0,5,-15,43,0,,,55,,,
1,1,NPU,0,CHENAB_NIF,124,100000,BACKPLANE,,,,0,5,-15,43,0,,,55,,,
1,1,NPU,0,CHENAB_NIF,125,100000,BACKPLANE,,,,0,5,-15,43,0,,,55,,,
1,1,NPU,0,CHENAB_NIF,126,100000,BACKPLANE,,,,0,5,-15,43,0,,,55,,,
1,1,NPU,0,CHENAB_NIF,127,100000,BACKPLANE,,,,0,5,-15,43,0,,,55,,,
1,1,NPU,0,CHENAB_NIF,128,100000,BACKPLANE,,,,0,5,-15,43,0,,,55,,,
1,1,NPU,0,CHENAB_NIF,129,100000,BACKPLANE,,,,0,5,-15,43,0,,,55,,,
1,1,NPU,0,CHENAB_NIF,130,100000,BACKPLANE,,,,0,5,-15,43,0,,,55,,,
1,1,NPU,0,CHENAB_NIF,131,100000,BACKPLANE,,,,0,5,-15,43,0,,,55,,,
1,1,NPU,0,CHENAB_NIF,132,100000,BACKPLANE,,,,0,5,-15,43,0,,,55,,,
1,1,NPU,0,CHENAB_NIF,133,100000,BACKPLANE,,,,0,5,-15,43,0,,,55,,,
1,1,NPU,0,CHENAB_NIF,134,100000,BACKPLANE,,,,0,5,-15,43,0,,,55,,,
1,1,NPU,0,CHENAB_NIF,135,100000,BACKPLANE,,,,0,5,-15,43,0,,,55,,,
1,1,NPU,0,CHENAB_NIF,136,100000,BACKPLANE,,,,0,5,-15,43,0,,,55,,,
1,1,NPU,0,CHENAB_NIF,137,100000,BACKPLANE,,,,0,5,-15,43,0,,,55,,,
1,1,NPU,0,CHENAB_NIF,138,100000,BACKPLANE,,,,0,5,-15,43,0,,,55,,,
1,1,NPU,0,CHENAB_NIF,139,100000,BACKPLANE,,,,0,5,-15,43,0,,,55,,,
1,1,NPU,0,CHENAB_NIF,140,100000,BACKPLANE,,,,0,5,-15,43,0,,,55,,,
1,1,NPU,0,CHENAB_NIF,141,100000,BACKPLANE,,,,0,5,-15,43,0,,,55,,,
1,1,NPU,0,CHENAB_NIF,142,100000,BACKPLANE,,,,0,5,-15,43,0,,,55,,,
1,1,NPU,0,CHENAB_NIF,143,100000,BACKPLANE,,,,0,5,-15,43,0,,,55,,,
1,1,NPU,0,CHENAB_NIF,144,100000,BACKPLANE,,,,0,5,-15,43,0,,,55,,,
1,1,NPU,0,CHENAB_NIF,145,100000,BACKPLANE,,,,0,5,-15,43,0,,,55,,,
1,1,NPU,0,CHENAB_NIF,146,100000,BACKPLANE,,,,0,5,-15,43,0,,,55,,,
1,1,NPU,0,CHENAB_NIF,147,100000,BACKPLANE,,,,0,5,-15,43,0,,,55,,,
1,1,NPU,0,CHENAB_NIF,148,100000,BACKPLANE,,,,0,5,-15,43,0,,,55,,,
1,1,NPU,0,CHENAB_NIF,149,100000,BACKPLANE,,,,0,5,-15,43,0,,,55,,,
1,1,NPU,0,CHENAB_NIF,150,100000,BACKPLANE,,,,0,5,-15,43,0,,,55,,,
1,1,NPU,0,CHENAB_NIF,151,100000,BACKPLANE,,,,0,5,-15,43,0,,,55,,,
1,1,NPU,0,CHENAB_NIF,152,100000,BACKPLANE,,,,0,5,-15,43,0,,,55,,,
1,1,NPU,0,CHENAB_NIF,153,100000,BACKPLANE,,,,0,5,-15,43,0,,,55,,,
1,1,NPU,0,CHENAB_NIF,154,100000,BACKPLANE,,,,0,5,-15,43,0,,,55,,,
1,1,NPU,0,CHENAB_NIF,155,100000,BACKPLANE,,,,0,5,-15,43,0,,,55,,,
1,1,NPU,0,CHENAB_NIF,156,100000,BACKPLANE,,,,0,5,-15,43,0,,,55,,,
1,1,NPU,0,CHENAB_NIF,157,100000,BACKPLANE,,,,0,5,-15,43,0,,,55,,,
1,1,NPU,0,CHENAB_NIF,158,100000,BACKPLANE,,,,0,5,-15,43,0,,,55,,,
1,1,NPU,0,CHENAB_NIF,159,100000,BACKPLANE,,,,0,5,-15,43,0,,,55,,,
1,1,NPU,0,CHENAB_NIF,160,100000,BACKPLANE,,,,0,5,-15,43,0,,,55,,,
1,1,NPU,0,CHENAB_NIF,161,100000,BACKPLANE,,,,0,5,-15,43,0,,,55,,,
1,1,NPU,0,CHENAB_NIF,162,100000,BACKPLANE,,,,0,5,-15,43,0,,,55,,,
1,1,NPU,0,CHENAB_NIF,163,100000,BACKPLANE,,,,0,5,-15,43,0,,,55,,,
1,1,NPU,0,CHENAB_NIF,164,100000,BACKPLANE,,,,0,5,-15,43,0,,,55,,,
1,1,NPU,0,CHENAB_NIF,165,100000,BACKPLANE,,,,0,5,-15,43,0,,,55,,,
1,1,NPU,0,CHENAB_NIF,166,100000,BACKPLANE,,,,0,5,-15,43,0,,,55,,,
1,1,NPU,0,CHENAB_NIF,167,100000,BACKPLANE,,,,0,5,-15,43,0,,,55,,,
1,1,NPU,0,CHENAB_NIF,168,100000,BACKPLANE,,,,0,5,-15,43,0,,,55,,,
1,1,NPU,0,CHENAB_NIF,169,100000,BACKPLANE,,,,0,5,-15,43,0,,,55,,,
1,1,NPU,0,CHENAB_NIF,170,100000,BACKPLANE,,,,0,5,-15,43,0,,,55,,,
1,1,NPU,0,CHENAB_NIF,171,100000,BACKPLANE,,,,0,5,-15,43,0,,,55,,,
1,1,NPU,0,CHENAB_NIF,172,100000,BACKPLANE,,,,0,5,-15,43,0,,,55,,,
1,1,NPU,0,CHENAB_NIF,173,100000,BACKPLANE,,,,0,5,-15,43,0,,,55,,,
1,1,NPU,0,CHENAB_NIF,174,100000,BACKPLANE,,,,0,5,-15,43,0,,,55,,,
1,1,NPU,0,CHENAB_NIF,175,100000,BACKPLANE,,,,0,5,-15,43,0,,,55,,,
1,1,NPU,0,CHENAB_NIF,176,100000,BACKPLANE,,,,0,5,-15,43,0,,,55,,,
1,1,NPU,0,CHENAB_NIF,177,100000,BACKPLANE,,,,0,5,-15,43,0,,,55,,,
1,1,NPU,0,CHENAB_NIF,178,100000,BACKPLANE,,,,0,5,-15,43,0,,,55,,,
1,1,NPU,0,CHENAB_NIF,179,100000,BACKPLANE,,,,0,5,-15,43,0,,,55,,,
1,1,NPU,0,CHENAB_NIF,180,100000,BACKPLANE,,,,0,5,-15,43,0,,,55,,,
1,1,NPU,0,CHENAB_NIF,181,100000,BACKPLANE,,,,0,5,-15,43,0,,,55,,,
1,1,NPU,0,CHENAB_NIF,182,100000,BACKPLANE,,,,0,5,-15,43,0,,,55,,,
1,1,NPU,0,CHENAB_NIF,183,100000,BACKPLANE,,,,0,5,-15,43,0,,,55,,,
1,1,NPU,0,CHENAB_NIF,184,100000,BACKPLANE,,,,0,5,-15,43,0,,,55,,,
1,1,NPU,0,CHENAB_NIF,185,100000,BACKPLANE,,,,0,5,-15,43,0,,,55,,,
1,1,NPU,0,CHENAB_NIF,186,100000,BACKPLANE,,,,0,5,-15,43,0,,,55,,,
1,1,NPU,0,CHENAB_NIF,187,100000,BACKPLANE,,,,0,5,-15,43,0,,,55,,,
1,1,NPU,0,CHENAB_NIF,188,100000,BACKPLANE,,,,0,5,-15,43,0,,,55,,,
1,1,NPU,0,CHENAB_NIF,189,100000,BACKPLANE,,,,0,5,-15,43,0,,,55,,,
1,1,NPU,0,CHENAB_NIF,190,100000,BACKPLANE,,,,0,5,-15,43,0,,,55,,,
1,1,NPU,0,CHENAB_NIF,191,100000,BACKPLANE,,,,0,5,-15,43,0,,,55,,,
1,1,NPU,0,CHENAB_NIF,192,100000,BACKPLANE,,,,0,5,-15,43,0,,,55,,,
1,1,NPU,0,CHENAB_NIF,193,100000,BACKPLANE,,,,0,5,-15,43,0,,,55,,,
1,1,NPU,0,CHENAB_NIF,194,100000,BACKPLANE,,,,0,5,-15,43,0,,,55,,,
1,1,NPU,0,CHENAB_NIF,195,100000,BACKPLANE,,,,0,5,-15,43,0,,,55,,,
1,1,NPU,0,CHENAB_NIF,196,100000,BACKPLANE,,,,0,5,-15,43,0,,,55,,,
1,1,NPU,0,CHENAB_NIF,197,100000,BACKPLANE,,,,0,5,-15,43,0,,,55,,,
1,1,NPU,0,CHENAB_NIF,198,100000,BACKPLANE,,,,0,5,-15,43,0,,,55,,,
1,1,NPU,0,CHENAB_NIF,199,100000,BACKPLANE,,,,0,5,-15,43,0,,,55,,,
1,1,NPU,0,CHENAB_NIF,200,100000,BACKPLANE,,,,0,5,-15,43,0,,,55,,,
1,1,NPU,0,CHENAB_NIF,201,100000,BACKPLANE,,,,0,5,-15,43,0,,,55,,,
1,1,NPU,0,CHENAB_NIF,202,100000,BACKPLANE,,,,0,5,-15,43,0,,,55,,,
1,1,NPU,0,CHENAB_NIF,203,100000,BACKPLANE,,,,0,5,-15,43,0,,,55,,,
1,1,NPU,0,CHENAB_NIF,204,100000,BACKPLANE,,,,0,5,-15,43,0,,,55,,,
1,1,NPU,0,CHENAB_NIF,205,100000,BACKPLANE,,,,0,5,-15,43,0,,,55,,,
1,1,NPU,0,CHENAB_NIF,206,100000,BACKPLANE,,,,0,5,-15,43,0,,,55,,,
1,1,NPU,0,CHENAB_NIF,207,100000,BACKPLANE,,,,0,5,-15,43,0,,,55,,,
1,1,NPU,0,CHENAB_NIF,208,100000,BACKPLANE,,,,0,5,-15,43,0,,,55,,,
1,1,NPU,0,CHENAB_NIF,209,100000,BACKPLANE,,,,0,5,-15,43,0,,,55,,,
1,1,NPU,0,CHENAB_NIF,210,100000,BACKPLANE,,,,0,5,-15,43,0,,,55,,,
1,1,NPU,0,CHENAB_NIF,211,100000,BACKPLANE,,,,0,5,-15,43,0,,,55,,,
1,1,NPU,0,CHENAB_NIF,212,100000,BACKPLANE,,,,0,5,-15,43,0,,,55,,,
1,1,NPU,0,CHENAB_NIF,213,100000,BACKPLANE,,,,0,5,-15,43,0,,,55,,,
1,1,NPU,0,CHENAB_NIF,214,100000,BACKPLANE,,,,0,5,-15,43,0,,,55,,,
1,1,NPU,0,CHENAB_NIF,215,100000,BACKPLANE,,,,0,5,-15,43,0,,,55,,,
1,1,NPU,0,CHENAB_NIF,216,100000,BACKPLANE,,,,0,5,-15,43,0,,,55,,,
1,1,NPU,0,CHENAB_NIF,217,100000,BACKPLANE,,,,0,5,-15,43,0,,,55,,,
1,1,NPU,0,CHENAB_NIF,218,100000,BACKPLANE,,,,0,5,-15,43,0,,,55,,,
1,1,NPU,0,CHENAB_NIF,219,100000,BACKPLANE,,,,0,5,-15,43,0,,,55,,,
1,1,NPU,0,CHENAB_NIF,220,100000,BACKPLANE,,,,0,5,-15,43,0,,,55,,,
1,1,NPU,0,CHENAB_NIF,221,100000,BACKPLANE,,,,0,5,-15,43,0,,,55,,,
1,1,NPU,0,CHENAB_NIF,222,100000,BACKPLANE,,,,0,5,-15,43,0,,,55,,,
1,1,NPU,0,CHENAB_NIF,223,100000,BACKPLANE,,,,0,5,-15,43,0,,,55,,,
1,1,NPU,0,CHENAB_NIF,224,100000,BACKPLANE,,,,0,5,-15,43,0,,,55,,,
1,1,NPU,0,CHENAB_NIF,225,100000,BACKPLANE,,,,0,5,-15,43,0,,,55,,,
1,1,NPU,0,CHENAB_NIF,226,100000,BACKPLANE,,,,0,5,-15,43,0,,,55,,,
1,1,NPU,0,CHENAB_NIF,227,100000,BACKPLANE,,,,0,5,-15,43,0,,,55,,,
1,1,NPU,0,CHENAB_NIF,228,100000,BACKPLANE,,,,0,5,-15,43,0,,,55,,,
1,1,NPU,0,CHENAB_NIF,229,100000,BACKPLANE,,,,0,5,-15,43,0,,,55,,,
1,1,NPU,0,CHENAB_NIF,230,100000,BACKPLANE,,,,0,5,-15,43,0,,,55,,,
1,1,NPU,0,CHENAB_NIF,231,100000,BACKPLANE,,,,0,5,-15,43,0,,,55,,,
1,1,NPU,0,CHENAB_NIF,232,100000,BACKPLANE,,,,0,5,-15,43,0,,,55,,,
1,1,NPU,0,CHENAB_NIF,233,100000,BACKPLANE,,,,0,5,-15,43,0,,,55,,,
1,1,NPU,0,CHENAB_NIF,234,100000,BACKPLANE,,,,0,5,-15,43,0,,,55,,,
1,1,NPU,0,CHENAB_NIF,235,100000,BACKPLANE,,,,0,5,-15,43,0,,,55,,,
1,1,NPU,0,CHENAB_NIF,236,100000,BACKPLANE,,,,0,5,-15,43,0,,,55,,,
1,1,NPU,0,CHENAB_NIF,237,100000,BACKPLANE,,,,0,5,-15,43,0,,,55,,,
1,1,NPU,0,CHENAB_NIF,238,100000,BACKPLANE,,,,0,5,-15,43,0,,,55,,,
1,1,NPU,0,CHENAB_NIF,239,100000,BACKPLANE,,,,0,5,-15,43,0,,,55,,,
1,1,NPU,0,CHENAB_NIF,240,100000,BACKPLANE,,,,0,5,-15,43,0,,,55,,,
1,1,NPU,0,CHENAB_NIF,241,100000,BACKPLANE,,,,0,5,-15,43,0,,,55,,,
1,1,NPU,0,CHENAB_NIF,242,100000,BACKPLANE,,,,0,5,-15,43,0,,,55,,,
1,1,NPU,0,CHENAB_NIF,243,100000,BACKPLANE,,,,0,5,-15,43,0,,,55,,,
1,1,NPU,0,CHENAB_NIF,244,100000,BACKPLANE,,,,0,5,-15,43,0,,,55,,,
1,1,NPU,0,CHENAB_NIF,245,100000,BACKPLANE,,,,0,5,-15,43,0,,,55,,,
1,1,NPU,0,CHENAB_NIF,246,100000,BACKPLANE,,,,0,5,-15,43,0,,,55,,,
1,1,NPU,0,CHENAB_NIF,247,100000,BACKPLANE,,,,0,5,-15,43,0,,,55,,,
1,1,NPU,0,CHENAB_NIF,248,100000,BACKPLANE,,,,0,5,-15,43,0,,,55,,,
1,1,NPU,0,CHENAB_NIF,249,100000,BACKPLANE,,,,0,5,-15,43,0,,,55,,,
1,1,NPU,0,CHENAB_NIF,250,100000,BACKPLANE,,,,0,5,-15,43,0,,,55,,,
1,1,NPU,0,CHENAB_NIF,251,100000,BACKPLANE,,,,0,5,-15,43,0,,,55,,,
1,1,NPU,0,CHENAB_NIF,252,100000,BACKPLANE,,,,0,5,-15,43,0,,,55,,,
1,1,NPU,0,CHENAB_NIF,253,100000,BACKPLANE,,,,0,5,-15,43,0,,,55,,,
1,1,NPU,0,CHENAB_NIF,254,100000,BACKPLANE,,,,0,5,-15,43,0,,,55,,,
1,1,NPU,0,CHENAB_NIF,255,100000,BACKPLANE,,,,0,5,-15,43,0,,,55,,,
1,1,NPU,0,CHENAB_NIF,256,100000,BACKPLANE,,,,0,5,-15,43,0,,,55,,,
1,1,NPU,0,CHENAB_NIF,257,100000,BACKPLANE,,,,0,5,-15,43,0,,,55,,,
1,1,NPU,0,CHENAB_NIF,258,100000,BACKPLANE,,,,0,5,-15,43,0,,,55,,,
1,1,NPU,0,CHENAB_NIF,259,100000,BACKPLANE,,,,0,5,-15,43,0,,,55,,,
1,1,NPU,0,CHENAB_NIF,260,100000,BACKPLANE,,,,0,5,-15,43,0,,,55,,,
1,1,NPU,0,CHENAB_NIF,261,100000,BACKPLANE,,,,0,5,-15,43,0,,,55,,,
1,1,NPU,0,CHENAB_NIF,262,100000,BACKPLANE,,,,0,5,-15,43,0,,,55,,,
1,1,NPU,0,CHENAB_NIF,263,100000,BACKPLANE,,,,0,5,-15,43,0,,,55,,,
1,1,NPU,0,CHENAB_NIF,264,100000,BACKPLANE,,,,0,5,-15,43,0,,,55,,,
1,1,NPU,0,CHENAB_NIF,265,100000,BACKPLANE,,,,0,5,-15,43,0,,,55,,,
1,1,NPU,0,CHENAB_NIF,266,100000,BACKPLANE,,,,0,5,-15,43,0,,,55,,,
1,1,NPU,0,CHENAB_NIF,267,100000,BACKPLANE,,,,0,5,-15,43,0,,,55,,,
1,1,NPU,0,CHENAB_NIF,268,100000,BACKPLANE,,,,0,5,-15,43,0,,,55,,,
1,1,NPU,0,CHENAB_NIF,269,100000,BACKPLANE,,,,0,5,-15,43,0,,,55,,,
1,1,NPU,0,CHENAB_NIF,270,100000,BACKPLANE,,,,0,5,-15,43,0,,,55,,,
1,1,NPU,0,CHENAB_NIF,271,100000,BACKPLANE,,,,0,5,-15,43,0,,,55,,,
1,1,NPU,0,CHENAB_NIF,272,100000,BACKPLANE,,,,0,5,-15,43,0,,,55,,,
1,1,NPU,0,CHENAB_NIF,273,100000,BACKPLANE,,,,0,5,-15,43,0,,,55,,,
1,1,NPU,0,CHENAB_NIF,274,100000,BACKPLANE,,,,0,5,-15,43,0,,,55,,,
1,1,NPU,0,CHENAB_NIF,275,100000,BACKPLANE,,,,0,5,-15,43,0,,,55,,,
1,1,NPU,0,CHENAB_NIF,276,100000,BACKPLANE,,,,0,5,-15,43,0,,,55,,,
1,1,NPU,0,CHENAB_NIF,277,100000,BACKPLANE,,,,0,5,-15,43,0,,,55,,,
1,1,NPU,0,CHENAB_NIF,278,100000,BACKPLANE,,,,0,5,-15,43,0,,,55,,,
1,1,NPU,0,CHENAB_NIF,279,100000,BACKPLANE,,,,0,5,-15,43,0,,,55,,,
1,1,NPU,0,CHENAB_NIF,280,100000,BACKPLANE,,,,0,5,-15,43,0,,,55,,,
1,1,NPU,0,CHENAB_NIF,281,100000,BACKPLANE,,,,0,5,-15,43,0,,,55,,,
1,1,NPU,0,CHENAB_NIF,282,100000,BACKPLANE,,,,0,5,-15,43,0,,,55,,,
1,1,NPU,0,CHENAB_NIF,283,100000,BACKPLANE,,,,0,5,-15,43,0,,,55,,,
1,1,NPU,0,CHENAB_NIF,284,100000,BACKPLANE,,,,0,5,-15,43,0,,,55,,,
1,1,NPU,0,CHENAB_NIF,285,100000,BACKPLANE,,,,0,5,-15,43,0,,,55,,,
1,1,NPU,0,CHENAB_NIF,286,100000,BACKPLANE,,,,0,5,-15,43,0,,,55,,,
1,1,NPU,0,CHENAB_NIF,287,100000,BACKPLANE,,,,0,5,-15,43,0,,,55,,,
1,1,NPU,0,CHENAB_NIF,288,100000,BACKPLANE,,,,0,5,-15,43,0,,,55,,,
1,1,NPU,0,CHENAB_NIF,289,100000,BACKPLANE,,,,0,5,-15,43,0,,,55,,,
1,1,NPU,0,CHENAB_NIF,290,100000,BACKPLANE,,,,0,5,-15,43,0,,,55,,,
1,1,NPU,0,CHENAB_NIF,291,100000,BACKPLANE,,,,0,5,-15,43,0,,,55,,,
1,1,NPU,0,CHENAB_NIF,292,100000,BACKPLANE,,,,0,5,-15,43,0,,,55,,,
1,1,NPU,0,CHENAB_NIF,293,100000,BACKPLANE,,,,0,5,-15,43,0,,,55,,,
1,1,NPU,0,CHENAB_NIF,294,100000,BACKPLANE,,,,0,5,-15,43,0,,,55,,,
1,1,NPU,0,CHENAB_NIF,295,100000,BACKPLANE,,,,0,5,-15,43,0,,,55,,,
1,1,NPU,0,CHENAB_NIF,296,100000,BACKPLANE,,,,0,5,-15,43,0,,,55,,,
1,1,NPU,0,CHENAB_NIF,297,100000,BACKPLANE,,,,0,5,-15,43,0,,,55,,,
1,1,NPU,0,CHENAB_NIF,298,100000,BACKPLANE,,,,0,5,-15,43,0,,,55,,,
1,1,NPU,0,CHENAB_NIF,299,100000,BACKPLANE,,,,0,5,-15,43,0,,,55,,,
1,1,NPU,0,CHENAB_NIF,300,100000,BACKPLANE,,,,0,5,-15,43,0,,,55,,,
1,1,NPU,0,CHENAB_NIF,301,100000,BACKPLANE,,,,0,5,-15,43,0,,,55,,,
1,1,NPU,0,CHENAB_NIF,302,100000,BACKPLANE,,,,0,5,-15,43,0,,,55,,,
1,1,NPU,0,CHENAB_NIF,303,100000,BACKPLANE,,,,0,5,-15,43,0,,,55,,,
1,1,NPU,0,CHENAB_NIF,304,100000,BACKPLANE,,,,0,5,-15,43,0,,,55,,,
1,1,NPU,0,CHENAB_NIF,305,100000,BACKPLANE,,,,0,5,-15,43,0,,,55,,,
1,1,NPU,0,CHENAB_NIF,306,100000,BACKPLANE,,,,0,5,-15,43,0,,,55,,,
1,1,NPU,0,CHENAB_NIF,307,100000,BACKPLANE,,,,0,5,-15,43,0,,,55,,,
1,1,NPU,0,CHENAB_NIF,308,100000,BACKPLANE,,,,0,5,-15,43,0,,,55,,,
1,1,NPU,0,CHENAB_NIF,309,100000,BACKPLANE,,,,0,5,-15,43,0,,,55,,,
1,1,NPU,0,CHENAB_NIF,310,100000,BACKPLANE,,,,0,5,-15,43,0,,,55,,,
1,1,NPU,0,CHENAB_NIF,311,100000,BACKPLANE,,,,0,5,-15,43,0,,,55,,,
1,1,NPU,0,CHENAB_NIF,312,100000,BACKPLANE,,,,0,5,-15,43,0,,,55,,,
1,1,NPU,0,CHENAB_NIF,313,100000,BACKPLANE,,,,0,5,-15,43,0,,,55,,,
1,1,NPU,0,CHENAB_NIF,314,100000,BACKPLANE,,,,0,5,-15,43,0,,,55,,,
1,1,NPU,0,CHENAB_NIF,315,100000,BACKPLANE,,,,0,5,-15,43,0,,,55,,,
1,1,NPU,0,CHENAB_NIF,316,100000,BACKPLANE,,,,0,5,-15,43,0,,,55,,,
1,1,NPU,0,CHENAB_NIF,317,100000,BACKPLANE,,,,0,5,-15,43,0,,,55,,,
1,1,NPU,0,CHENAB_NIF,318,100000,BACKPLANE,,,,0,5,-15,43,0,,,55,,,
1,1,NPU,0,CHENAB_NIF,319,100000,BACKPLANE,,,,0,5,-15,43,0,,,55,,,
1,1,NPU,0,CHENAB_NIF,320,100000,BACKPLANE,,,,0,5,-15,43,0,,,55,,,
1,1,NPU,0,CHENAB_NIF,321,100000,BACKPLANE,,,,0,5,-15,43,0,,,55,,,
1,1,NPU,0,CHENAB_NIF,322,100000,BACKPLANE,,,,0,5,-15,43,0,,,55,,,
1,1,NPU,0,CHENAB_NIF,323,100000,BACKPLANE,,,,0,5,-15,43,0,,,55,,,
1,1,NPU,0,CHENAB_NIF,324,100000,BACKPLANE,,,,0,5,-15,43,0,,,55,,,
1,1,NPU,0,CHENAB_NIF,325,100000,BACKPLANE,,,,0,5,-15,43,0,,,55,,,
1,1,NPU,0,CHENAB_NIF,326,100000,BACKPLANE,,,,0,5,-15,43,0,,,55,,,
1,1,NPU,0,CHENAB_NIF,327,100000,BACKPLANE,,,,0,5,-15,43,0,,,55,,,
1,1,NPU,0,CHENAB_NIF,328,100000,BACKPLANE,,,,0,5,-15,43,0,,,55,,,
1,1,NPU,0,CHENAB_NIF,329,100000,BACKPLANE,,,,0,5,-15,43,0,,,55,,,
1,1,NPU,0,CHENAB_NIF,330,100000,BACKPLANE,,,,0,5,-15,43,0,,,55,,,
1,1,NPU,0,CHENAB_NIF,331,100000,BACKPLANE,,,,0,5,-15,43,0,,,55,,,
1,1,NPU,0,CHENAB_NIF,332,100000,BACKPLANE,,,,0,5,-15,43,0,,,55,,,
1,1,NPU,0,CHENAB_NIF,333,100000,BACKPLANE,,,,0,5,-15,43,0,,,55,,,
1,1,NPU,0,CHENAB_NIF,334,100000,BACKPLANE,,,,0,5,-15,43,0,,,55,,,
1,1,NPU,0,CHENAB_NIF,335,100000,BACKPLANE,,,,0,5,-15,43,0,,,55,,,
1,1,NPU,0,CHENAB_NIF,336,100000,BACKPLANE,,,,0,5,-15,43,0,,,55,,,
1,1,NPU,0,CHENAB_NIF,337,100000,BACKPLANE,,,,0,5,-15,43,0,,,55,,,
1,1,NPU,0,CHENAB_NIF,338,100000,BACKPLANE,,,,0,5,-15,43,0,,,55,,,
1,1,NPU,0,CHENAB_NIF,339,100000,BACKPLANE,,,,0,5,-15,43,0,,,55,,,
1,1,NPU,0,CHENAB_NIF,340,100000,BACKPLANE,,,,0,5,-15,43,0,,,55,,,
1,1,NPU,0,CHENAB_NIF,341,100000,BACKPLANE,,,,0,5,-15,43,0,,,55,,,
1,1,NPU,0,CHENAB_NIF,342,100000,BACKPLANE,,,,0,5,-15,43,0,,,55,,,
1,1,NPU,0,CHENAB_NIF,343,100000,BACKPLANE,,,,0,5,-15,43,0,,,55,,,
1,1,NPU,0,CHENAB_NIF,344,100000,BACKPLANE,,,,0,5,-15,43,0,,,55,,,
1,1,NPU,0,CHENAB_NIF,345,100000,BACKPLANE,,,,0,5,-15,43,0,,,55,,,
1,1,NPU,0,CHENAB_NIF,346,100000,BACKPLANE,,,,0,5,-15,43,0,,,55,,,
1,1,NPU,0,CHENAB_NIF,347,100000,BACKPLANE,,,,0,5,-15,43,0,,,55,,,
1,1,NPU,0,CHENAB_NIF,348,100000,BACKPLANE,,,,0,5,-15,43,0,,,55,,,
1,1,NPU,0,CHENAB_NIF,349,100000,BACKPLANE,,,,0,5,-15,43,0,,,55,,,
1,1,NPU,0,CHENAB_NIF,350,100000,BACKPLANE,,,,0,5,-15,43,0,,,55,,,
1,1,NPU,0,CHENAB_NIF,351,100000,BACKPLANE,,,,0,5,-15,43,0,,,55,,,
1,1,NPU,0,CHENAB_NIF,352,100000,BACKPLANE,,,,0,5,-15,43,0,,,55,,,
1,1,NPU,0,CHENAB_NIF,353,100000,BACKPLANE,,,,0,5,-15,43,0,,,55,,,
1,1,NPU,0,CHENAB_NIF,354,100000,BACKPLANE,,,,0,5,-15,43,0,,,55,,,
1,1,NPU,0,CHENAB_NIF,355,100000,BACKPLANE,,,,0,5,-15,43,0,,,55,,,
1,1,NPU,0,CHENAB_NIF,356,100000,BACKPLANE,,,,0,5,-15,43,0,,,55,,,
1,1,NPU,0,CHENAB_NIF,357,100000,BACKPLANE,,,,0,5,-15,43,0,,,55,,,
1,1,NPU,0,CHENAB_NIF,358,100000,BACKPLANE,,,,0,5,-15,43,0,,,55,,,
1,1,NPU,0,CHENAB_NIF,359,100000,BACKPLANE,,,,0,5,-15,43,0,,,55,,,
1,1,NPU,0,CHENAB_NIF,360,100000,BACKPLANE,,,,0,5,-15,43,0,,,55,,,
1,1,NPU,0,CHENAB_NIF,361,100000,BACKPLANE,,,,0,5,-15,43,0,,,55,,,
1,1,NPU,0,CHENAB_NIF,362,100000,BACKPLANE,,,,0,5,-15,43,0,,,55,,,
1,1,NPU,0,CHENAB_NIF,363,100000,BACKPLANE,,,,0,5,-15,43,0,,,55,,,
1,1,NPU,0,CHENAB_NIF,364,100000,BACKPLANE,,,,0,5,-15,43,0,,,55,,,
1,1,NPU,0,CHENAB_NIF,365,100000,BACKPLANE,,,,0,5,-15,43,0,,,55,,,
1,1,NPU,0,CHENAB_NIF,366,100000,BACKPLANE,,,,0,5,-15,43,0,,,55,,,
1,1,NPU,0,CHENAB_NIF,367,100000,BACKPLANE,,,,0,5,-15,43,0,,,55,,,
1,1,NPU,0,CHENAB_NIF,368,100000,BACKPLANE,,,,0,5,-15,43,0,,,55,,,
1,1,NPU,0,CHENAB_NIF,369,100000,BACKPLANE,,,,0,5,-15,43,0,,,55,,,
1,1,NPU,0,CHENAB_NIF,370,100000,BACKPLANE,,,,0,5,-15,43,0,,,55,,,
1,1,NPU,0,CHENAB_NIF,371,100000,BACKPLANE,,,,0,5,-15,43,0,,,55,,,
1,1,NPU,0,CHENAB_NIF,372,100000,BACKPLANE,,,,0,5,-15,43,0,,,55,,,
1,1,NPU,0,CHENAB_NIF,373,100000,BACKPLANE,,,,0,5,-15,43,0,,,55,,,
1,1,NPU,0,CHENAB_NIF,374,100000,BACKPLANE,,,,0,5,-15,43,0,,,55,,,
1,1,NPU,0,CHENAB_NIF,375,100000,BACKPLANE,,,,0,5,-15,43,0,,,55,,,
1,1,NPU,0,CHENAB_NIF,376,100000,BACKPLANE,,,,0,5,-15,43,0,,,55,,,
1,1,NPU,0,CHENAB_NIF,377,100000,BACKPLANE,,,,0,5,-15,43,0,,,55,,,
1,1,NPU,0,CHENAB_NIF,378,100000,BACKPLANE,,,,0,5,-15,43,0,,,55,,,
1,1,NPU,0,CHENAB_NIF,379,100000,BACKPLANE,,,,0,5,-15,43,0,,,55,,,
1,1,NPU,0,CHENAB_NIF,380,100000,BACKPLANE,,,,0,5,-15,43,0,,,55,,,
1,1,NPU,0,CHENAB_NIF,381,100000,BACKPLANE,,,,0,5,-15,43,0,,,55,,,
1,1,NPU,0,CHENAB_NIF,382,100000,BACKPLANE,,,,0,5,-15,43,0,,,55,,,
1,1,NPU,0,CHENAB_NIF,383,100000,BACKPLANE,,,,0,5,-15,43,0,,,55,,,
1,1,NPU,0,CHENAB_NIF,384,100000,BACKPLANE,,,,0,5,-15,43,0,,,55,,,
1,1,NPU,0,CHENAB_NIF,385,100000,BACKPLANE,,,,0,5,-15,43,0,,,55,,,
1,1,NPU,0,CHENAB_NIF,386,100000,BACKPLANE,,,,0,5,-15,43,0,,,55,,,
1,1,NPU,0,CHENAB_NIF,387,100000,BACKPLANE,,,,0,5,-15,43,0,,,55,,,
1,1,NPU,0,CHENAB_NIF,388,100000,BACKPLANE,,,,0,5,-15,43,0,,,55,,,
1,1,NPU,0,CHENAB_NIF,389,100000,BACKPLANE,,,,0,5,-15,43,0,,,55,,,
1,1,NPU,0,CHENAB_NIF,390,100000,BACKPLANE,,,,0,5,-15,43,0,,,55,,,
1,1,NPU,0,CHENAB_NIF,391,100000,BACKPLANE,,,,0,5,-15,43,0,,,55,,,
1,1,NPU,0,CHENAB_NIF,392,100000,BACKPLANE,,,,0,5,-15,43,0,,,55,,,
1,1,NPU,0,CHENAB_NIF,393,100000,BACKPLANE,,,,0,5,-15,43,0,,,55,,,
1,1,NPU,0,CHENAB_NIF,394,100000,BACKPLANE,,,,0,5,-15,43,0,,,55,,,
1,1,NPU,0,CHENAB_NIF,395,100000,BACKPLANE,,,,0,5,-15,43,0,,,55,,,
1,1,NPU,0,CHENAB_NIF,396,100000,BACKPLANE,,,,0,5,-15,43,0,,,55,,,
1,1,NPU,0,CHENAB_NIF,397,100000,BACKPLANE,,,,0,5,-15,43,0,,,55,,,
1,1,NPU,0,CHENAB_NIF,398,100000,BACKPLANE,,,,0,5,-15,43,0,,,55,,,
1,1,NPU,0,CHENAB_NIF,399,100000,BACKPLANE,,,,0,5,-15,43,0,,,55,,,
1,1,NPU,0,CHENAB_NIF,400,100000,BACKPLANE,,,,0,5,-15,43,0,,,55,,,
1,1,NPU,0,CHENAB_NIF,401,100000,BACKPLANE,,,,0,5,-15,43,0,,,55,,,
1,1,NPU,0,CHENAB_NIF,402,100000,BACKPLANE,,,,0,5,-15,43,0,,,55,,,
1,1,NPU,0,CHENAB_NIF,403,100000,BACKPLANE,,,,0,5,-15,43,0,,,55,,,
1,1,NPU,0,CHENAB_NIF,404,100000,BACKPLANE,,,,0,5,-15,43,0,,,55,,,
1,1,NPU,0,CHENAB_NIF,405,100000,BACKPLANE,,,,0,5,-15,43,0,,,55,,,
1,1,NPU,0,CHENAB_NIF,406,100000,BACKPLANE,,,,0,5,-15,43,0,,,55,,,
1,1,NPU,0,CHENAB_NIF,407,100000,BACKPLANE,,,,0,5,-15,43,0,,,55,,,
1,1,NPU,0,CHENAB_NIF,408,100000,BACKPLANE,,,,0,5,-15,43,0,,,55,,,
1,1,NPU,0,CHENAB_NIF,409,100000,BACKPLANE,,,,0,5,-15,43,0,,,55,,,
1,1,NPU,0,CHENAB_NIF,410,100000,BACKPLANE,,,,0,5,-15,43,0,,,55,,,
1,1,NPU,0,CHENAB_NIF,411,100000,BACKPLANE,,,,0,5,-15,43,0,,,55,,,
1,1,NPU,0,CHENAB_NIF,412,100000,BACKPLANE,,,,0,5,-15,43,0,,,55,,,
1,1,NPU,0,CHENAB_NIF,413,100000,BACKPLANE,,,,0,5,-15,43,0,,,55,,,
1,1,NPU,0,CHENAB_NIF,414,100000,BACKPLANE,,,,0,5,-15,43,0,,,55,,,
1,1,NPU,0,CHENAB_NIF,415,100000,BACKPLANE,,,,0,5,-15,43,0,,,55,,,
1,1,NPU,0,CHENAB_NIF,416,100000,BACKPLANE,,,,0,5,-15,43,0,,,55,,,
1,1,NPU,0,CHENAB_NIF,417,100000,BACKPLANE,,,,0,5,-15,43,0,,,55,,,
1,1,NPU,0,CHENAB_NIF,418,100000,BACKPLANE,,,,0,5,-15,43,0,,,55,,,
1,1,NPU,0,CHENAB_NIF,419,100000,BACKPLANE,,,,0,5,-15,43,0,,,55,,,
1,1,NPU,0,CHENAB_NIF,420,100000,BACKPLANE,,,,0,5,-15,43,0,,,55,,,
1,1,NPU,0,CHENAB_NIF,421,100000,BACKPLANE,,,,0,5,-15,43,0,,,55,,,
1,1,NPU,0,CHENAB_NIF,422,100000,BACKPLANE,,,,0,5,-15,43,0,,,55,,,
1,1,NPU,0,CHENAB_NIF,423,100000,BACKPLANE,,,,0,5,-15,43,0,,,55,,,
1,1,NPU,0,CHENAB_NIF,424,100000,BACKPLANE,,,,0,5,-15,43,0,,,55,,,
1,1,NPU,0,CHENAB_NIF,425,100000,BACKPLANE,,,,0,5,-15,43,0,,,55,,,
1,1,NPU,0,CHENAB_NIF,426,100000,BACKPLANE,,,,0,5,-15,43,0,,,55,,,
1,1,NPU,0,CHENAB_NIF,427,100000,BACKPLANE,,,,0,5,-15,43,0,,,55,,,
1,1,NPU,0,CHENAB_NIF,428,100000,BACKPLANE,,,,0,5,-15,43,0,,,55,,,
1,1,NPU,0,CHENAB_NIF,429,100000,BACKPLANE,,,,0,5,-15,43,0,,,55,,,
1,1,NPU,0,CHENAB_NIF,430,100000,BACKPLANE,,,,0,5,-15,43,0,,,55,,,
1,1,NPU,0,CHENAB_NIF,431,100000,BACKPLANE,,,,0,5,-15,43,0,,,55,,,
1,1,NPU,0,CHENAB_NIF,432,100000,BACKPLANE,,,,0,5,-15,43,0,,,55,,,
1,1,NPU,0,CHENAB_NIF,433,100000,BACKPLANE,,,,0,5,-15,43,0,,,55,,,
1,1,NPU,0,CHENAB_NIF,434,100000,BACKPLANE,,,,0,5,-15,43,0,,,55,,,
1,1,NPU,0,CHENAB_NIF,435,100000,BACKPLANE,,,,0,5,-15,43,0,,,55,,,
1,1,NPU,0,CHENAB_NIF,436,100000,BACKPLANE,,,,0,5,-15,43,0,,,55,,,
1,1,NPU,0,CHENAB_NIF,437,100000,BACKPLANE,,,,0,5,-15,43,0,,,55,,,
1,1,NPU,0,CHENAB_NIF,438,100000,BACKPLANE,,,,0,5,-15,43,0,,,55,,,
1,1,NPU,0,CHENAB_NIF,439,100000,BACKPLANE,,,,0,5,-15,43,0,,,55,,,
1,1,NPU,0,CHENAB_NIF,440,100000,BACKPLANE,,,,0,5,-15,43,0,,,55,,,
1,1,NPU,0,CHENAB_NIF,441,100000,BACKPLANE,,,,0,5,-15,43,0,,,55,,,
1,1,NPU,0,CHENAB_NIF,442,100000,BACKPLANE,,,,0,5,-15,43,0,,,55,,,
1,1,NPU,0,CHENAB_NIF,443,100000,BACKPLANE,,,,0,5,-15,43,0,,,55,,,
1,1,NPU,0,CHENAB_NIF,444,100000,BACKPLANE,,,,0,5,-15,43,0,,,55,,,
1,1,NPU,0,CHENAB_NIF,445,100000,BACKPLANE,,,,0,5,-15,43,0,,,55,,,
1,1,NPU,0,CHENAB_NIF,446,100000,BACKPLANE,,,,0,5,-15,43,0,,,55,,,
1,1,NPU,0,CHENAB_NIF,447,100000,BACKPLANE,,,,0,5,-15,43,0,,,55,,,
1,1,NPU,0,CHENAB_NIF,448,100000,BACKPLANE,,,,0,5,-15,43,0,,,55,,,
1,1,NPU,0,CHENAB_NIF,449,100000,BACKPLANE,,,,0,5,-15,43,0,,,55,,,
1,1,NPU,0,CHENAB_NIF,450,100000,BACKPLANE,,,,0,5,-15,43,0,,,55,,,
1,1,NPU,0,CHENAB_NIF,451,100000,BACKPLANE,,,,0,5,-15,43,0,,,55,,,
1,1,NPU,0,CHENAB_NIF,452,100000,BACKPLANE,,,,0,5,-15,43,0,,,55,,,
1,1,NPU,0,CHENAB_NIF,453,100000,BACKPLANE,,,,0,5,-15,43,0,,,55,,,
1,1,NPU,0,CHENAB_NIF,454,100000,BACKPLANE,,,,0,5,-15,43,0,,,55,,,
1,1,NPU,0,CHENAB_NIF,455,100000,BACKPLANE,,,,0,5,-15,43,0,,,55,,,
1,1,NPU,0,CHENAB_NIF,456,100000,BACKPLANE,,,,0,5,-15,43,0,,,55,,,
1,1,NPU,0,CHENAB_NIF,457,100000,BACKPLANE,,,,0,5,-15,43,0,,,55,,,
1,1,NPU,0,CHENAB_NIF,458,100000,BACKPLANE,,,,0,5,-15,43,0,,,55,,,
1,1,NPU,0,CHENAB_NIF,459,100000,BACKPLANE,,,,0,5,-15,43,0,,,55,,,
1,1,NPU,0,CHENAB_NIF,460,100000,BACKPLANE,,,,0,5,-15,43,0,,,55,,,
1,1,NPU,0,CHENAB_NIF,461,100000,BACKPLANE,,,,0,5,-15,43,0,,,55,,,
1,1,NPU,0,CHENAB_NIF,462,100000,BACKPLANE,,,,0,5,-15,43,0,,,55,,,
1,1,NPU,0,CHENAB_NIF,463,100000,BACKPLANE,,,,0,5,-15,43,0,,,55,,,
1,1,NPU,0,CHENAB_NIF,464,100000,BACKPLANE,,,,0,5,-15,43,0,,,55,,,
1,1,NPU,0,CHENAB_NIF,465,100000,BACKPLANE,,,,0,5,-15,43,0,,,55,,,
1,1,NPU,0,CHENAB_NIF,466,100000,BACKPLANE,,,,0,5,-15,43,0,,,55,,,
1,1,NPU,0,CHENAB_NIF,467,100000,BACKPLANE,,,,0,5,-15,43,0,,,55,,,
1,1,NPU,0,CHENAB_NIF,468,100000,BACKPLANE,,,,0,5,-15,43,0,,,55,,,
1,1,NPU,0,CHENAB_NIF,469,100000,BACKPLANE,,,,0,5,-15,43,0,,,55,,,
1,1,NPU,0,CHENAB_NIF,470,100000,BACKPLANE,,,,0,5,-15,43,0,,,55,,,
1,1,NPU,0,CHENAB_NIF,471,100000,BACKPLANE,,,,0,5,-15,43,0,,,55,,,
1,1,NPU,0,CHENAB_NIF,472,100000,BACKPLANE,,,,0,5,-15,43,0,,,55,,,
1,1,NPU,0,CHENAB_NIF,473,100000,BACKPLANE,,,,0,5,-15,43,0,,,55,,,
1,1,NPU,0,CHENAB_NIF,474,100000,BACKPLANE,,,,0,5,-15,43,0,,,55,,,
1,1,NPU,0,CHENAB_NIF,475,100000,BACKPLANE,,,,0,5,-15,43,0,,,55,,,
1,1,NPU,0,CHENAB_NIF,476,100000,BACKPLANE,,,,0,5,-15,43,0,,,55,,,
1,1,NPU,0,CHENAB_NIF,477,100000,BACKPLANE,,,,0,5,-15,43,0,,,55,,,
1,1,NPU,0,CHENAB_NIF,478,100000,BACKPLANE,,,,0,5,-15,43,0,,,55,,,
1,1,NPU,0,CHENAB_NIF,479,100000,BACKPLANE,,,,0,5,-15,43,0,,,55,,,
1,1,NPU,0,CHENAB_NIF,480,100000,BACKPLANE,,,,0,5,-15,43,0,,,55,,,
1,1,NPU,0,CHENAB_NIF,481,100000,BACKPLANE,,,,0,5,-15,43,0,,,55,,,
1,1,NPU,0,CHENAB_NIF,482,100000,BACKPLANE,,,,0,5,-15,43,0,,,55,,,
1,1,NPU,0,CHENAB_NIF,483,100000,BACKPLANE,,,,0,5,-15,43,0,,,55,,,
1,1,NPU,0,CHENAB_NIF,484,100000,BACKPLANE,,,,0,5,-15,43,0,,,55,,,
1,1,NPU,0,CHENAB_NIF,485,100000,BACKPLANE,,,,0,5,-15,43,0,,,55,,,
1,1,NPU,0,CHENAB_NIF,486,100000,BACKPLANE,,,,0,5,-15,43,0,,,55,,,
1,1,NPU,0,CHENAB_NIF,487,100000,BACKPLANE,,,,0,5,-15,43,0,,,55,,,
1,1,NPU,0,CHENAB_NIF,488,100000,BACKPLANE,,,,0,5,-15,43,0,,,55,,,
1,1,NPU,0,CHENAB_NIF,489,100000,BACKPLANE,,,,0,5,-15,43,0,,,55,,,
1,1,NPU,0,CHENAB_NIF,490,100000,BACKPLANE,,,,0,5,-15,43,0,,,55,,,
1,1,NPU,0,CHENAB_NIF,491,100000,BACKPLANE,,,,0,5,-15,43,0,,,55,,,
1,1,NPU,0,CHENAB_NIF,492,100000,BACKPLANE,,,,0,5,-15,43,0,,,55,,,
1,1,NPU,0,CHENAB_NIF,493,100000,BACKPLANE,,,,0,5,-15,43,0,,,55,,,
1,1,NPU,0,CHENAB_NIF,494,100000,BACKPLANE,,,,0,5,-15,43,0,,,55,,,
1,1,NPU,0,CHENAB_NIF,495,100000,BACKPLANE,,,,0,5,-15,43,0,,,55,,,
1,1,NPU,0,CHENAB_NIF,496,100000,BACKPLANE,,,,0,5,-15,43,0,,,55,,,
1,1,NPU,0,CHENAB_NIF,497,100000,BACKPLANE,,,,0,5,-15,43,0,,,55,,,
1,1,NPU,0,CHENAB_NIF,498,100000,BACKPLANE,,,,0,5,-15,43,0,,,55,,,
1,1,NPU,0,CHENAB_NIF,499,100000,BACKPLANE,,,,0,5,-15,43,0,,,55,,,
1,1,NPU,0,CHENAB_NIF,500,100000,BACKPLANE,,,,0,5,-15,43,0,,,55,,,
1,1,NPU,0,CHENAB_NIF,501,100000,BACKPLANE,,,,0,5,-15,43,0,,,55,,,
1,1,NPU,0,CHENAB_NIF,502,100000,BACKPLANE,,,,0,5,-15,43,0,,,55,,,
1,1,NPU,0,CHENAB_NIF,503,100000,BACKPLANE,,,,0,5,-15,43,0,,,55,,,
1,1,NPU,0,CHENAB_NIF,504,100000,BACKPLANE,,,,0,5,-15,43,0,,,55,,,
1,1,NPU,0,CHENAB_NIF,505,100000,BACKPLANE,,,,0,5,-15,43,0,,,55,,,
1,1,NPU,0,CHENAB_NIF,506,100000,BACKPLANE,,,,0,5,-15,43,0,,,55,,,
1,1,NPU,0,CHENAB_NIF,507,100000,BACKPLANE,,,,0,5,-15,43,0,,,55,,,
1,1,NPU,0,CHENAB_NIF,508,100000,BACKPLANE,,,,0,5,-15,43,0,,,55,,,
1,1,NPU,0,CHENAB_NIF,509,100000,BACKPLANE,,,,0,5,-15,43,0,,,55,,,
1,1,NPU,0,CHENAB_NIF,510,100000,BACKPLANE,,,,0,5,-15,43,0,,,55,,,
1,1,NPU,0,CHENAB_NIF,511,100000,BACKPLANE,,,,0,5,-15,43,0,,,55,,,
1,1,NPU,0,CHENAB_NIF,512,50000,BACKPLANE,,,,0,5,-15,43,0,,,55,,,
1,1,NPU,0,CHENAB_NIF,513,50000,BACKPLANE,,,,0,5,-15,43,0,,,55,,,
1,1,NPU,0,CHENAB_NIF,0,100000,COPPER,,,,0,5,-15,43,0,,,55,,,
1,1,NPU,0,CHENAB_NIF,1,100000,COPPER,,,,0,5,-15,43,0,,,55,,,
1,1,NPU,0,CHENAB_NIF,2,100000,COPPER,,,,0,5,-15,43,0,,,55,,,
1,1,NPU,0,CHENAB_NIF,3,100000,COPPER,,,,0,5,-15,43,0,,,55,,,
1,1,NPU,0,CHENAB_NIF,4,100000,COPPER,,,,0,5,-15,43,0,,,55,,,
1,1,NPU,0,CHENAB_NIF,5,100000,COPPER,,,,0,5,-15,43,0,,,55,,,
1,1,NPU,0,CHENAB_NIF,6,100000,COPPER,,,,0,5,-15,43,0,,,55,,,
1,1,NPU,0,CHENAB_NIF,7,100000,COPPER,,,,0,5,-15,43,0,,,55,,,
1,1,NPU,0,CHENAB_NIF,8,100000,COPPER,,,,0,5,-15,43,0,,,55,,,
1,1,NPU,0,CHENAB_NIF,9,100000,COPPER,,,,0,5,-15,43,0,,,55,,,
1,1,NPU,0,CHENAB_NIF,10,100000,COPPER,,,,0,5,-15,43,0,,,55,,,
1,1,NPU,0,CHENAB_NIF,11,100000,COPPER,,,,0,5,-15,43,0,,,55,,,
1,1,NPU,0,CHENAB_NIF,12,100000,COPPER,,,,0,5,-15,43,0,,,55,,,
1,1,NPU,0,CHENAB_NIF,13,100000,COPPER,,,,0,5,-15,43,0,,,55,,,
1,1,NPU,0,CHENAB_NIF,14,100000,COPPER,,,,0,5,-15,43,0,,,55,,,
1,1,NPU,0,CHENAB_NIF,15,100000,COPPER,,,,0,5,-15,43,0,,,55,,,
1,1,NPU,0,CHENAB_NIF,16,100000,COPPER,,,,0,5,-15,43,0,,,55,,,
1,1,NPU,0,CHENAB_NIF,17,100000,COPPER,,,,0,5,-15,43,0,,,55,,,
1,1,NPU,0,CHENAB_NIF,18,100000,COPPER,,,,0,5,-15,43,0,,,55,,,
1,1,NPU,0,CHENAB_NIF,19,100000,COPPER,,,,0,5,-15,43,0,,,55,,,
1,1,NPU,0,CHENAB_NIF,20,100000,COPPER,,,,0,5,-15,43,0,,,55,,,
1,1,NPU,0,CHENAB_NIF,21,100000,COPPER,,,,0,5,-15,43,0,,,55,,,
1,1,NPU,0,CHENAB_NIF,22,100000,COPPER,,,,0,5,-15,43,0,,,55,,,
1,1,NPU,0,CHENAB_NIF,23,100000,COPPER,,,,0,5,-15,43,0,,,55,,,
1,1,NPU,0,CHENAB_NIF,24,100000,COPPER,,,,0,5,-15,43,0,,,55,,,
1,1,NPU,0,CHENAB_NIF,25,100000,COPPER,,,,0,5,-15,43,0,,,55,,,
1,1,NPU,0,CHENAB_NIF,26,100000,COPPER,,,,0,5,-15,43,0,,,55,,,
1,1,NPU,0,CHENAB_NIF,27,100000,COPPER,,,,0,5,-15,43,0,,,55,,,
1,1,NPU,0,CHENAB_NIF,28,100000,COPPER,,,,0,5,-15,43,0,,,55,,,
1,1,NPU,0,CHENAB_NIF,29,100000,COPPER,,,,0,5,-15,43,0,,,55,,,
1,1,NPU,0,CHENAB_NIF,30,100000,COPPER,,,,0,5,-15,43,0,,,55,,,
1,1,NPU,0,CHENAB_NIF,31,100000,COPPER,,,,0,5,-15,43,0,,,55,,,
1,1,NPU,0,CHENAB_NIF,32,100000,COPPER,,,,0,5,-15,43,0,,,55,,,
1,1,NPU,0,CHENAB_NIF,33,100000,COPPER,,,,0,5,-15,43,0,,,55,,,
1,1,NPU,0,CHENAB_NIF,34,100000,COPPER,,,,0,5,-15,43,0,,,55,,,
1,1,NPU,0,CHENAB_NIF,35,100000,COPPER,,,,0,5,-15,43,0,,,55,,,
1,1,NPU,0,CHENAB_NIF,36,100000,COPPER,,,,0,5,-15,43,0,,,55,,,
1,1,NPU,0,CHENAB_NIF,37,100000,COPPER,,,,0,5,-15,43,0,,,55,,,
1,1,NPU,0,CHENAB_NIF,38,100000,COPPER,,,,0,5,-15,43,0,,,55,,,
1,1,NPU,0,CHENAB_NIF,39,100000,COPPER,,,,0,5,-15,43,0,,,55,,,
1,1,NPU,0,CHENAB_NIF,40,100000,COPPER,,,,0,5,-15,43,0,,,55,,,
1,1,NPU,0,CHENAB_NIF,41,100000,COPPER,,,,0,5,-15,43,0,,,55,,,
1,1,NPU,0,CHENAB_NIF,42,100000,COPPER,,,,0,5,-15,43,0,,,55,,,
1,1,NPU,0,CHENAB_NIF,43,100000,COPPER,,,,0,5,-15,43,0,,,55,,,
1,1,NPU,0,CHENAB_NIF,44,100000,COPPER,,,,0,5,-15,43,0,,,55,,,
1,1,NPU,0,CHENAB_NIF,45,100000,COPPER,,,,0,5,-15,43,0,,,55,,,
1,1,NPU,0,CHENAB_NIF,46,100000,COPPER,,,,0,5,-15,43,0,,,55,,,
1,1,NPU,0,CHENAB_NIF,47,100000,COPPER,,,,0,5,-15,43,0,,,55,,,
1,1,NPU,0,CHENAB_NIF,48,100000,COPPER,,,,0,5,-15,43,0,,,55,,,
1,1,NPU,0,CHENAB_NIF,49,100000,COPPER,,,,0,5,-15,43,0,,,55,,,
1,1,NPU,0,CHENAB_NIF,50,100000,COPPER,,,,0,5,-15,43,0,,,55,,,
1,1,NPU,0,CHENAB_NIF,51,100000,COPPER,,,,0,5,-15,43,0,,,55,,,
1,1,NPU,0,CHENAB_NIF,52,100000,COPPER,,,,0,5,-15,43,0,,,55,,,
1,1,NPU,0,CHENAB_NIF,53,100000,COPPER,,,,0,5,-15,43,0,,,55,,,
1,1,NPU,0,CHENAB_NIF,54,100000,COPPER,,,,0,5,-15,43,0,,,55,,,
1,1,NPU,0,CHENAB_NIF,55,100000,COPPER,,,,0,5,-15,43,0,,,55,,,
1,1,NPU,0,CHENAB_NIF,56,100000,COPPER,,,,0,5,-15,43,0,,,55,,,
1,1,NPU,0,CHENAB_NIF,57,100000,COPPER,,,,0,5,-15,43,0,,,55,,,
1,1,NPU,0,CHENAB_NIF,58,100000,COPPER,,,,0,5,-15,43,0,,,55,,,
1,1,NPU,0,CHENAB_NIF,59,100000,COPPER,,,,0,5,-15,43,0,,,55,,,
1,1,NPU,0,CHENAB_NIF,60,100000,COPPER,,,,0,5,-15,43,0,,,55,,,
1,1,NPU,0,CHENAB_NIF,61,100000,COPPER,,,,0,5,-15,43,0,,,55,,,
1,1,NPU,0,CHENAB_NIF,62,100000,COPPER,,,,0,5,-15,43,0,,,55,,,
1,1,NPU,0,CHENAB_NIF,63,100000,COPPER,,,,0,5,-15,43,0,,,55,,,
1,1,NPU,0,CHENAB_NIF,64,100000,COPPER,,,,0,5,-15,43,0,,,55,,,
1,1,NPU,0,CHENAB_NIF,65,100000,COPPER,,,,0,5,-15,43,0,,,55,,,
1,1,NPU,0,CHENAB_NIF,66,100000,COPPER,,,,0,5,-15,43,0,,,55,,,
1,1,NPU,0,CHENAB_NIF,67,100000,COPPER,,,,0,5,-15,43,0,,,55,,,
1,1,NPU,0,CHENAB_NIF,68,100000,COPPER,,,,0,5,-15,43,0,,,55,,,
1,1,NPU,0,CHENAB_NIF,69,100000,COPPER,,,,0,5,-15,43,0,,,55,,,
1,1,NPU,0,CHENAB_NIF,70,100000,COPPER,,,,0,5,-15,43,0,,,55,,,
1,1,NPU,0,CHENAB_NIF,71,100000,COPPER,,,,0,5,-15,43,0,,,55,,,
1,1,NPU,0,CHENAB_NIF,72,100000,COPPER,,,,0,5,-15,43,0,,,55,,,
1,1,NPU,0,CHENAB_NIF,73,100000,COPPER,,,,0,5,-15,43,0,,,55,,,
1,1,NPU,0,CHENAB_NIF,74,100000,COPPER,,,,0,5,-15,43,0,,,55,,,
1,1,NPU,0,CHENAB_NIF,75,100000,COPPER,,,,0,5,-15,43,0,,,55,,,
1,1,NPU,0,CHENAB_NIF,76,100000,COPPER,,,,0,5,-15,43,0,,,55,,,
1,1,NPU,0,CHENAB_NIF,77,100000,COPPER,,,,0,5,-15,43,0,,,55,,,
1,1,NPU,0,CHENAB_NIF,78,100000,COPPER,,,,0,5,-15,43,0,,,55,,,
1,1,NPU,0,CHENAB_NIF,79,100000,COPPER,,,,0,5,-15,43,0,,,55,,,
1,1,NPU,0,CHENAB_NIF,80,100000,COPPER,,,,0,5,-15,43,0,,,55,,,
1,1,NPU,0,CHENAB_NIF,81,100000,COPPER,,,,0,5,-15,43,0,,,55,,,
1,1,NPU,0,CHENAB_NIF,82,100000,COPPER,,,,0,5,-15,43,0,,,55,,,
1,1,NPU,0,CHENAB_NIF,83,100000,COPPER,,,,0,5,-15,43,0,,,55,,,
1,1,NPU,0,CHENAB_NIF,84,100000,COPPER,,,,0,5,-15,43,0,,,55,,,
1,1,NPU,0,CHENAB_NIF,85,100000,COPPER,,,,0,5,-15,43,0,,,55,,,
1,1,NPU,0,CHENAB_NIF,86,100000,COPPER,,,,0,5,-15,43,0,,,55,,,
1,1,NPU,0,CHENAB_NIF,87,100000,COPPER,,,,0,5,-15,43,0,,,55,,,
1,1,NPU,0,CHENAB_NIF,88,100000,COPPER,,,,0,5,-15,43,0,,,55,,,
1,1,NPU,0,CHENAB_NIF,89,100000,COPPER,,,,0,5,-15,43,0,,,55,,,
1,1,NPU,0,CHENAB_NIF,90,100000,COPPER,,,,0,5,-15,43,0,,,55,,,
1,1,NPU,0,CHENAB_NIF,91,100000,COPPER,,,,0,5,-15,43,0,,,55,,,
1,1,NPU,0,CHENAB_NIF,92,100000,COPPER,,,,0,5,-15,43,0,,,55,,,
1,1,NPU,0,CHENAB_NIF,93,100000,COPPER,,,,0,5,-15,43,0,,,55,,,
1,1,NPU,0,CHENAB_NIF,94,100000,COPPER,,,,0,5,-15,43,0,,,55,,,
1,1,NPU,0,CHENAB_NIF,95,100000,COPPER,,,,0,5,-15,43,0,,,55,,,
1,1,NPU,0,CHENAB_NIF,96,100000,COPPER,,,,0,5,-15,43,0,,,55,,,
1,1,NPU,0,CHENAB_NIF,97,100000,COPPER,,,,0,5,-15,43,0,,,55,,,
1,1,NPU,0,CHENAB_NIF,98,100000,COPPER,,,,0,5,-15,43,0,,,55,,,
1,1,NPU,0,CHENAB_NIF,99,100000,COPPER,,,,0,5,-15,43,0,,,55,,,
1,1,NPU,0,CHENAB_NIF,100,100000,COPPER,,,,0,5,-15,43,0,,,55,,,
1,1,NPU,0,CHENAB_NIF,101,100000,COPPER,,,,0,5,-15,43,0,,,55,,,
1,1,NPU,0,CHENAB_NIF,102,100000,COPPER,,,,0,5,-15,43,0,,,55,,,
1,1,NPU,0,CHENAB_NIF,103,100000,COPPER,,,,0,5,-15,43,0,,,55,,,
1,1,NPU,0,CHENAB_NIF,104,100000,COPPER,,,,0,5,-15,43,0,,,55,,,
1,1,NPU,0,CHENAB_NIF,105,100000,COPPER,,,,0,5,-15,43,0,,,55,,,
1,1,NPU,0,CHENAB_NIF,106,100000,COPPER,,,,0,5,-15,43,0,,,55,,,
1,1,NPU,0,CHENAB_NIF,107,100000,COPPER,,,,0,5,-15,43,0,,,55,,,
1,1,NPU,0,CHENAB_NIF,108,100000,COPPER,,,,0,5,-15,43,0,,,55,,,
1,1,NPU,0,CHENAB_NIF,109,100000,COPPER,,,,0,5,-15,43,0,,,55,,,
1,1,NPU,0,CHENAB_NIF,110,100000,COPPER,,,,0,5,-15,43,0,,,55,,,
1,1,NPU,0,CHENAB_NIF,111,100000,COPPER,,,,0,5,-15,43,0,,,55,,,
1,1,NPU,0,CHENAB_NIF,112,100000,COPPER,,,,0,5,-15,43,0,,,55,,,
1,1,NPU,0,CHENAB_NIF,113,100000,COPPER,,,,0,5,-15,43,0,,,55,,,
1,1,NPU,0,CHENAB_NIF,114,100000,COPPER,,,,0,5,-15,43,0,,,55,,,
1,1,NPU,0,CHENAB_NIF,115,100000,COPPER,,,,0,5,-15,43,0,,,55,,,
1,1,NPU,0,CHENAB_NIF,116,100000,COPPER,,,,0,5,-15,43,0,,,55,,,
1,1,NPU,0,CHENAB_NIF,117,100000,COPPER,,,,0,5,-15,43,0,,,55,,,
1,1,NPU,0,CHENAB_NIF,118,100000,COPPER,,,,0,5,-15,43,0,,,55,,,
1,1,NPU,0,CHENAB_NIF,119,100000,COPPER,,,,0,5,-15,43,0,,,55,,,
1,1,NPU,0,CHENAB_NIF,120,100000,COPPER,,,,0,5,-15,43,0,,,55,,,
1,1,NPU,0,CHENAB_NIF,121,100000,COPPER,,,,0,5,-15,43,0,,,55,,,
1,1,NPU,0,CHENAB_NIF,122,100000,COPPER,,,,0,5,-15,43,0,,,55,,,
1,1,NPU,0,CHENAB_NIF,123,100000,COPPER,,,,0,5,-15,43,0,,,55,,,
1,1,NPU,0,CHENAB_NIF,124,100000,COPPER,,,,0,5,-15,43,0,,,55,,,
1,1,NPU,0,CHENAB_NIF,125,100000,COPPER,,,,0,5,-15,43,0,,,55,,,
1,1,NPU,0,CHENAB_NIF,126,100000,COPPER,,,,0,5,-15,43,0,,,55,,,
1,1,NPU,0,CHENAB_NIF,127,100000,COPPER,,,,0,5,-15,43,0,,,55,,,
1,1,NPU,0,CHENAB_NIF,128,100000,COPPER,,,,0,5,-15,43,0,,,55,,,
1,1,NPU,0,CHENAB_NIF,129,100000,COPPER,,,,0,5,-15,43,0,,,55,,,
1,1,NPU,0,CHENAB_NIF,130,100000,COPPER,,,,0,5,-15,43,0,,,55,,,
1,1,NPU,0,CHENAB_NIF,131,100000,COPPER,,,,0,5,-15,43,0,,,55,,,
1,1,NPU,0,CHENAB_NIF,132,100000,COPPER,,,,0,5,-15,43,0,,,55,,,
1,1,NPU,0,CHENAB_NIF,133,100000,COPPER,,,,0,5,-15,43,0,,,55,,,
1,1,NPU,0,CHENAB_NIF,134,100000,COPPER,,,,0,5,-15,43,0,,,55,,,
1,1,NPU,0,CHENAB_NIF,135,100000,COPPER,,,,0,5,-15,43,0,,,55,,,
1,1,NPU,0,CHENAB_NIF,136,100000,COPPER,,,,0,5,-15,43,0,,,55,,,
1,1,NPU,0,CHENAB_NIF,137,100000,COPPER,,,,0,5,-15,43,0,,,55,,,
1,1,NPU,0,CHENAB_NIF,138,100000,COPPER,,,,0,5,-15,43,0,,,55,,,
1,1,NPU,0,CHENAB_NIF,139,100000,COPPER,,,,0,5,-15,43,0,,,55,,,
1,1,NPU,0,CHENAB_NIF,140,100000,COPPER,,,,0,5,-15,43,0,,,55,,,
1,1,NPU,0,CHENAB_NIF,141,100000,COPPER,,,,0,5,-15,43,0,,,55,,,
1,1,NPU,0,CHENAB_NIF,142,100000,COPPER,,,,0,5,-15,43,0,,,55,,,
1,1,NPU,0,CHENAB_NIF,143,100000,COPPER,,,,0,5,-15,43,0,,,55,,,
1,1,NPU,0,CHENAB_NIF,144,100000,COPPER,,,,0,5,-15,43,0,,,55,,,
1,1,NPU,0,CHENAB_NIF,145,100000,COPPER,,,,0,5,-15,43,0,,,55,,,
1,1,NPU,0,CHENAB_NIF,146,100000,COPPER,,,,0,5,-15,43,0,,,55,,,
1,1,NPU,0,CHENAB_NIF,147,100000,COPPER,,,,0,5,-15,43,0,,,55,,,
1,1,NPU,0,CHENAB_NIF,148,100000,COPPER,,,,0,5,-15,43,0,,,55,,,
1,1,NPU,0,CHENAB_NIF,149,100000,COPPER,,,,0,5,-15,43,0,,,55,,,
1,1,NPU,0,CHENAB_NIF,150,100000,COPPER,,,,0,5,-15,43,0,,,55,,,
1,1,NPU,0,CHENAB_NIF,151,100000,COPPER,,,,0,5,-15,43,0,,,55,,,
1,1,NPU,0,CHENAB_NIF,152,100000,COPPER,,,,0,5,-15,43,0,,,55,,,
1,1,NPU,0,CHENAB_NIF,153,100000,COPPER,,,,0,5,-15,43,0,,,55,,,
1,1,NPU,0,CHENAB_NIF,154,100000,COPPER,,,,0,5,-15,43,0,,,55,,,
1,1,NPU,0,CHENAB_NIF,155,100000,COPPER,,,,0,5,-15,43,0,,,55,,,
1,1,NPU,0,CHENAB_NIF,156,100000,COPPER,,,,0,5,-15,43,0,,,55,,,
1,1,NPU,0,CHENAB_NIF,157,100000,COPPER,,,,0,5,-15,43,0,,,55,,,
1,1,NPU,0,CHENAB_NIF,158,100000,COPPER,,,,0,5,-15,43,0,,,55,,,
1,1,NPU,0,CHENAB_NIF,159,100000,COPPER,,,,0,5,-15,43,0,,,55,,,
1,1,NPU,0,CHENAB_NIF,160,100000,COPPER,,,,0,5,-15,43,0,,,55,,,
1,1,NPU,0,CHENAB_NIF,161,100000,COPPER,,,,0,5,-15,43,0,,,55,,,
1,1,NPU,0,CHENAB_NIF,162,100000,COPPER,,,,0,5,-15,43,0,,,55,,,
1,1,NPU,0,CHENAB_NIF,163,100000,COPPER,,,,0,5,-15,43,0,,,55,,,
1,1,NPU,0,CHENAB_NIF,164,100000,COPPER,,,,0,5,-15,43,0,,,55,,,
1,1,NPU,0,CHENAB_NIF,165,100000,COPPER,,,,0,5,-15,43,0,,,55,,,
1,1,NPU,0,CHENAB_NIF,166,100000,COPPER,,,,0,5,-15,43,0,,,55,,,
1,1,NPU,0,CHENAB_NIF,167,100000,COPPER,,,,0,5,-15,43,0,,,55,,,
1,1,NPU,0,CHENAB_NIF,168,100000,COPPER,,,,0,5,-15,43,0,,,55,,,
1,1,NPU,0,CHENAB_NIF,169,100000,COPPER,,,,0,5,-15,43,0,,,55,,,
1,1,NPU,0,CHENAB_NIF,170,100000,COPPER,,,,0,5,-15,43,0,,,55,,,
1,1,NPU,0,CHENAB_NIF,171,100000,COPPER,,,,0,5,-15,43,0,,,55,,,
1,1,NPU,0,CHENAB_NIF,172,100000,COPPER,,,,0,5,-15,43,0,,,55,,,
1,1,NPU,0,CHENAB_NIF,173,100000,COPPER,,,,0,5,-15,43,0,,,55,,,
1,1,NPU,0,CHENAB_NIF,174,100000,COPPER,,,,0,5,-15,43,0,,,55,,,
1,1,NPU,0,CHENAB_NIF,175,100000,COPPER,,,,0,5,-15,43,0,,,55,,,
1,1,NPU,0,CHENAB_NIF,176,100000,COPPER,,,,0,5,-15,43,0,,,55,,,
1,1,NPU,0,CHENAB_NIF,177,100000,COPPER,,,,0,5,-15,43,0,,,55,,,
1,1,NPU,0,CHENAB_NIF,178,100000,COPPER,,,,0,5,-15,43,0,,,55,,,
1,1,NPU,0,CHENAB_NIF,179,100000,COPPER,,,,0,5,-15,43,0,,,55,,,
1,1,NPU,0,CHENAB_NIF,180,100000,COPPER,,,,0,5,-15,43,0,,,55,,,
1,1,NPU,0,CHENAB_NIF,181,100000,COPPER,,,,0,5,-15,43,0,,,55,,,
1,1,NPU,0,CHENAB_NIF,182,100000,COPPER,,,,0,5,-15,43,0,,,55,,,
1,1,NPU,0,CHENAB_NIF,183,100000,COPPER,,,,0,5,-15,43,0,,,55,,,
1,1,NPU,0,CHENAB_NIF,184,100000,COPPER,,,,0,5,-15,43,0,,,55,,,
1,1,NPU,0,CHENAB_NIF,185,100000,COPPER,,,,0,5,-15,43,0,,,55,,,
1,1,NPU,0,CHENAB_NIF,186,100000,COPPER,,,,0,5,-15,43,0,,,55,,,
1,1,NPU,0,CHENAB_NIF,187,100000,COPPER,,,,0,5,-15,43,0,,,55,,,
1,1,NPU,0,CHENAB_NIF,188,100000,COPPER,,,,0,5,-15,43,0,,,55,,,
1,1,NPU,0,CHENAB_NIF,189,100000,COPPER,,,,0,5,-15,43,0,,,55,,,
1,1,NPU,0,CHENAB_NIF,190,100000,COPPER,,,,0,5,-15,43,0,,,55,,,
1,1,NPU,0,CHENAB_NIF,191,100000,COPPER,,,,0,5,-15,43,0,,,55,,,
1,1,NPU,0,CHENAB_NIF,192,100000,COPPER,,,,0,5,-15,43,0,,,55,,,
1,1,NPU,0,CHENAB_NIF,193,100000,COPPER,,,,0,5,-15,43,0,,,55,,,
1,1,NPU,0,CHENAB_NIF,194,100000,COPPER,,,,0,5,-15,43,0,,,55,,,
1,1,NPU,0,CHENAB_NIF,195,100000,COPPER,,,,0,5,-15,43,0,,,55,,,
1,1,NPU,0,CHENAB_NIF,196,100000,COPPER,,,,0,5,-15,43,0,,,55,,,
1,1,NPU,0,CHENAB_NIF,197,100000,COPPER,,,,0,5,-15,43,0,,,55,,,
1,1,NPU,0,CHENAB_NIF,198,100000,COPPER,,,,0,5,-15,43,0,,,55,,,
1,1,NPU,0,CHENAB_NIF,199,100000,COPPER,,,,0,5,-15,43,0,,,55,,,
1,1,NPU,0,CHENAB_NIF,200,100000,COPPER,,,,0,5,-15,43,0,,,55,,,
1,1,NPU,0,CHENAB_NIF,201,100000,COPPER,,,,0,5,-15,43,0,,,55,,,
1,1,NPU,0,CHENAB_NIF,202,100000,COPPER,,,,0,5,-15,43,0,,,55,,,
1,1,NPU,0,CHENAB_NIF,203,100000,COPPER,,,,0,5,-15,43,0,,,55,,,
1,1,NPU,0,CHENAB_NIF,204,100000,COPPER,,,,0,5,-15,43,0,,,55,,,
1,1,NPU,0,CHENAB_NIF,205,100000,COPPER,,,,0,5,-15,43,0,,,55,,,
1,1,NPU,0,CHENAB_NIF,206,100000,COPPER,,,,0,5,-15,43,0,,,55,,,
1,1,NPU,0,CHENAB_NIF,207,100000,COPPER,,,,0,5,-15,43,0,,,55,,,
1,1,NPU,0,CHENAB_NIF,208,100000,COPPER,,,,0,5,-15,43,0,,,55,,,
1,1,NPU,0,CHENAB_NIF,209,100000,COPPER,,,,0,5,-15,43,0,,,55,,,
1,1,NPU,0,CHENAB_NIF,210,100000,COPPER,,,,0,5,-15,43,0,,,55,,,
1,1,NPU,0,CHENAB_NIF,211,100000,COPPER,,,,0,5,-15,43,0,,,55,,,
1,1,NPU,0,CHENAB_NIF,212,100000,COPPER,,,,0,5,-15,43,0,,,55,,,
1,1,NPU,0,CHENAB_NIF,213,100000,COPPER,,,,0,5,-15,43,0,,,55,,,
1,1,NPU,0,CHENAB_NIF,214,100000,COPPER,,,,0,5,-15,43,0,,,55,,,
1,1,NPU,0,CHENAB_NIF,215,100000,COPPER,,,,0,5,-15,43,0,,,55,,,
1,1,NPU,0,CHENAB_NIF,216,100000,COPPER,,,,0,5,-15,43,0,,,55,,,
1,1,NPU,0,CHENAB_NIF,217,100000,COPPER,,,,0,5,-15,43,0,,,55,,,
1,1,NPU,0,CHENAB_NIF,218,100000,COPPER,,,,0,5,-15,43,0,,,55,,,
1,1,NPU,0,CHENAB_NIF,219,100000,COPPER,,,,0,5,-15,43,0,,,55,,,
1,1,NPU,0,CHENAB_NIF,220,100000,COPPER,,,,0,5,-15,43,0,,,55,,,
1,1,NPU,0,CHENAB_NIF,221,100000,COPPER,,,,0,5,-15,43,0,,,55,,,
1,1,NPU,0,CHENAB_NIF,222,100000,COPPER,,,,0,5,-15,43,0,,,55,,,
1,1,NPU,0,CHENAB_NIF,223,100000,COPPER,,,,0,5,-15,43,0,,,55,,,
1,1,NPU,0,CHENAB_NIF,224,100000,COPPER,,,,0,5,-15,43,0,,,55,,,
1,1,NPU,0,CHENAB_NIF,225,100000,COPPER,,,,0,5,-15,43,0,,,55,,,
1,1,NPU,0,CHENAB_NIF,226,100000,COPPER,,,,0,5,-15,43,0,,,55,,,
1,1,NPU,0,CHENAB_NIF,227,100000,COPPER,,,,0,5,-15,43,0,,,55,,,
1,1,NPU,0,CHENAB_NIF,228,100000,COPPER,,,,0,5,-15,43,0,,,55,,,
1,1,NPU,0,CHENAB_NIF,229,100000,COPPER,,,,0,5,-15,43,0,,,55,,,
1,1,NPU,0,CHENAB_NIF,230,100000,COPPER,,,,0,5,-15,43,0,,,55,,,
1,1,NPU,0,CHENAB_NIF,231,100000,COPPER,,,,0,5,-15,43,0,,,55,,,
1,1,NPU,0,CHENAB_NIF,232,100000,COPPER,,,,0,5,-15,43,0,,,55,,,
1,1,NPU,0,CHENAB_NIF,233,100000,COPPER,,,,0,5,-15,43,0,,,55,,,
1,1,NPU,0,CHENAB_NIF,234,100000,COPPER,,,,0,5,-15,43,0,,,55,,,
1,1,NPU,0,CHENAB_NIF,235,100000,COPPER,,,,0,5,-15,43,0,,,55,,,
1,1,NPU,0,CHENAB_NIF,236,100000,COPPER,,,,0,5,-15,43,0,,,55,,,
1,1,NPU,0,CHENAB_NIF,237,100000,COPPER,,,,0,5,-15,43,0,,,55,,,
1,1,NPU,0,CHENAB_NIF,238,100000,COPPER,,,,0,5,-15,43,0,,,55,,,
1,1,NPU,0,CHENAB_NIF,239,100000,COPPER,,,,0,5,-15,43,0,,,55,,,
1,1,NPU,0,CHENAB_NIF,240,100000,COPPER,,,,0,5,-15,43,0,,,55,,,
1,1,NPU,0,CHENAB_NIF,241,100000,COPPER,,,,0,5,-15,43,0,,,55,,,
1,1,NPU,0,CHENAB_NIF,242,100000,COPPER,,,,0,5,-15,43,0,,,55,,,
1,1,NPU,0,CHENAB_NIF,243,100000,COPPER,,,,0,5,-15,43,0,,,55,,,
1,1,NPU,0,CHENAB_NIF,244,100000,COPPER,,,,0,5,-15,43,0,,,55,,,
1,1,NPU,0,CHENAB_NIF,245,100000,COPPER,,,,0,5,-15,43,0,,,55,,,
1,1,NPU,0,CHENAB_NIF,246,100000,COPPER,,,,0,5,-15,43,0,,,55,,,
1,1,NPU,0,CHENAB_NIF,247,100000,COPPER,,,,0,5,-15,43,0,,,55,,,
1,1,NPU,0,CHENAB_NIF,248,100000,COPPER,,,,0,5,-15,43,0,,,55,,,
1,1,NPU,0,CHENAB_NIF,249,100000,COPPER,,,,0,5,-15,43,0,,,55,,,
1,1,NPU,0,CHENAB_NIF,250,100000,COPPER,,,,0,5,-15,43,0,,,55,,,
1,1,NPU,0,CHENAB_NIF,251,100000,COPPER,,,,0,5,-15,43,0,,,55,,,
1,1,NPU,0,CHENAB_NIF,252,100000,COPPER,,,,0,5,-15,43,0,,,55,,,
1,1,NPU,0,CHENAB_NIF,253,100000,COPPER,,,,0,5,-15,43,0,,,55,,,
1,1,NPU,0,CHENAB_NIF,254,100000,COPPER,,,,0,5,-15,43,0,,,55,,,
1,1,NPU,0,CHENAB_NIF,255,100000,COPPER,,,,0,5,-15,43,0,,,55,,,
1,1,NPU,0,CHENAB_NIF,256,100000,COPPER,,,,0,5,-15,43,0,,,55,,,
1,1,NPU,0,CHENAB_NIF,257,100000,COPPER,,,,0,5,-15,43,0,,,55,,,
1,1,NPU,0,CHENAB_NIF,258,100000,COPPER,,,,0,5,-15,43,0,,,55,,,
1,1,NPU,0,CHENAB_NIF,259,100000,COPPER,,,,0,5,-15,43,0,,,55,,,
1,1,NPU,0,CHENAB_NIF,260,100000,COPPER,,,,0,5,-15,43,0,,,55,,,
1,1,NPU,0,CHENAB_NIF,261,100000,COPPER,,,,0,5,-15,43,0,,,55,,,
1,1,NPU,0,CHENAB_NIF,262,100000,COPPER,,,,0,5,-15,43,0,,,55,,,
1,1,NPU,0,CHENAB_NIF,263,100000,COPPER,,,,0,5,-15,43,0,,,55,,,
1,1,NPU,0,CHENAB_NIF,264,100000,COPPER,,,,0,5,-15,43,0,,,55,,,
1,1,NPU,0,CHENAB_NIF,265,100000,COPPER,,,,0,5,-15,43,0,,,55,,,
1,1,NPU,0,CHENAB_NIF,266,100000,COPPER,,,,0,5,-15,43,0,,,55,,,
1,1,NPU,0,CHENAB_NIF,267,100000,COPPER,,,,0,5,-15,43,0,,,55,,,
1,1,NPU,0,CHENAB_NIF,268,100000,COPPER,,,,0,5,-15,43,0,,,55,,,
1,1,NPU,0,CHENAB_NIF,269,100000,COPPER,,,,0,5,-15,43,0,,,55,,,
1,1,NPU,0,CHENAB_NIF,270,100000,COPPER,,,,0,5,-15,43,0,,,55,,,
1,1,NPU,0,CHENAB_NIF,271,100000,COPPER,,,,0,5,-15,43,0,,,55,,,
1,1,NPU,0,CHENAB_NIF,272,100000,COPPER,,,,0,5,-15,43,0,,,55,,,
1,1,NPU,0,CHENAB_NIF,273,100000,COPPER,,,,0,5,-15,43,0,,,55,,,
1,1,NPU,0,CHENAB_NIF,274,100000,COPPER,,,,0,5,-15,43,0,,,55,,,
1,1,NPU,0,CHENAB_NIF,275,100000,COPPER,,,,0,5,-15,43,0,,,55,,,
1,1,NPU,0,CHENAB_NIF,276,100000,COPPER,,,,0,5,-15,43,0,,,55,,,
1,1,NPU,0,CHENAB_NIF,277,100000,COPPER,,,,0,5,-15,43,0,,,55,,,
1,1,NPU,0,CHENAB_NIF,278,100000,COPPER,,,,0,5,-15,43,0,,,55,,,
1,1,NPU,0,CHENAB_NIF,279,100000,COPPER,,,,0,5,-15,43,0,,,55,,,
1,1,NPU,0,CHENAB_NIF,280,100000,COPPER,,,,0,5,-15,43,0,,,55,,,
1,1,NPU,0,CHENAB_NIF,281,100000,COPPER,,,,0,5,-15,43,0,,,55,,,
1,1,NPU,0,CHENAB_NIF,282,100000,COPPER,,,,0,5,-15,43,0,,,55,,,
1,1,NPU,0,CHENAB_NIF,283,100000,COPPER,,,,0,5,-15,43,0,,,55,,,
1,1,NPU,0,CHENAB_NIF,284,100000,COPPER,,,,0,5,-15,43,0,,,55,,,
1,1,NPU,0,CHENAB_NIF,285,100000,COPPER,,,,0,5,-15,43,0,,,55,,,
1,1,NPU,0,CHENAB_NIF,286,100000,COPPER,,,,0,5,-15,43,0,,,55,,,
1,1,NPU,0,CHENAB_NIF,287,100000,COPPER,,,,0,5,-15,43,0,,,55,,,
1,1,NPU,0,CHENAB_NIF,288,100000,COPPER,,,,0,5,-15,43,0,,,55,,,
1,1,NPU,0,CHENAB_NIF,289,100000,COPPER,,,,0,5,-15,43,0,,,55,,,
1,1,NPU,0,CHENAB_NIF,290,100000,COPPER,,,,0,5,-15,43,0,,,55,,,
1,1,NPU,0,CHENAB_NIF,291,100000,COPPER,,,,0,5,-15,43,0,,,55,,,
1,1,NPU,0,CHENAB_NIF,292,100000,COPPER,,,,0,5,-15,43,0,,,55,,,
1,1,NPU,0,CHENAB_NIF,293,100000,COPPER,,,,0,5,-15,43,0,,,55,,,
1,1,NPU,0,CHENAB_NIF,294,100000,COPPER,,,,0,5,-15,43,0,,,55,,,
1,1,NPU,0,CHENAB_NIF,295,100000,COPPER,,,,0,5,-15,43,0,,,55,,,
1,1,NPU,0,CHENAB_NIF,296,100000,COPPER,,,,0,5,-15,43,0,,,55,,,
1,1,NPU,0,CHENAB_NIF,297,100000,COPPER,,,,0,5,-15,43,0,,,55,,,
1,1,NPU,0,CHENAB_NIF,298,100000,COPPER,,,,0,5,-15,43,0,,,55,,,
1,1,NPU,0,CHENAB_NIF,299,100000,COPPER,,,,0,5,-15,43,0,,,55,,,
1,1,NPU,0,CHENAB_NIF,300,100000,COPPER,,,,0,5,-15,43,0,,,55,,,
1,1,NPU,0,CHENAB_NIF,301,100000,COPPER,,,,0,5,-15,43,0,,,55,,,
1,1,NPU,0,CHENAB_NIF,302,100000,COPPER,,,,0,5,-15,43,0,,,55,,,
1,1,NPU,0,CHENAB_NIF,303,100000,COPPER,,,,0,5,-15,43,0,,,55,,,
1,1,NPU,0,CHENAB_NIF,304,100000,COPPER,,,,0,5,-15,43,0,,,55,,,
1,1,NPU,0,CHENAB_NIF,305,100000,COPPER,,,,0,5,-15,43,0,,,55,,,
1,1,NPU,0,CHENAB_NIF,306,100000,COPPER,,,,0,5,-15,43,0,,,55,,,
1,1,NPU,0,CHENAB_NIF,307,100000,COPPER,,,,0,5,-15,43,0,,,55,,,
1,1,NPU,0,CHENAB_NIF,308,100000,COPPER,,,,0,5,-15,43,0,,,55,,,
1,1,NPU,0,CHENAB_NIF,309,100000,COPPER,,,,0,5,-15,43,0,,,55,,,
1,1,NPU,0,CHENAB_NIF,310,100000,COPPER,,,,0,5,-15,43,0,,,55,,,
1,1,NPU,0,CHENAB_NIF,311,100000,COPPER,,,,0,5,-15,43,0,,,55,,,
1,1,NPU,0,CHENAB_NIF,312,100000,COPPER,,,,0,5,-15,43,0,,,55,,,
1,1,NPU,0,CHENAB_NIF,313,100000,COPPER,,,,0,5,-15,43,0,,,55,,,
1,1,NPU,0,CHENAB_NIF,314,100000,COPPER,,,,0,5,-15,43,0,,,55,,,
1,1,NPU,0,CHENAB_NIF,315,100000,COPPER,,,,0,5,-15,43,0,,,55,,,
1,1,NPU,0,CHENAB_NIF,316,100000,COPPER,,,,0,5,-15,43,0,,,55,,,
1,1,NPU,0,CHENAB_NIF,317,100000,COPPER,,,,0,5,-15,43,0,,,55,,,
1,1,NPU,0,CHENAB_NIF,318,100000,COPPER,,,,0,5,-15,43,0,,,55,,,
1,1,NPU,0,CHENAB_NIF,319,100000,COPPER,,,,0,5,-15,43,0,,,55,,,
1,1,NPU,0,CHENAB_NIF,320,100000,COPPER,,,,0,5,-15,43,0,,,55,,,
1,1,NPU,0,CHENAB_NIF,321,100000,COPPER,,,,0,5,-15,43,0,,,55,,,
1,1,NPU,0,CHENAB_NIF,322,100000,COPPER,,,,0,5,-15,43,0,,,55,,,
1,1,NPU,0,CHENAB_NIF,323,100000,COPPER,,,,0,5,-15,43,0,,,55,,,
1,1,NPU,0,CHENAB_NIF,324,100000,COPPER,,,,0,5,-15,43,0,,,55,,,
1,1,NPU,0,CHENAB_NIF,325,100000,COPPER,,,,0,5,-15,43,0,,,55,,,
1,1,NPU,0,CHENAB_NIF,326,100000,COPPER,,,,0,5,-15,43,0,,,55,,,
1,1,NPU,0,CHENAB_NIF,327,100000,COPPER,,,,0,5,-15,43,0,,,55,,,
1,1,NPU,0,CHENAB_NIF,328,100000,COPPER,,,,0,5,-15,43,0,,,55,,,
1,1,NPU,0,CHENAB_NIF,329,100000,COPPER,,,,0,5,-15,43,0,,,55,,,
1,1,NPU,0,CHENAB_NIF,330,100000,COPPER,,,,0,5,-15,43,0,,,55,,,
1,1,NPU,0,CHENAB_NIF,331,100000,COPPER,,,,0,5,-15,43,0,,,55,,,
1,1,NPU,0,CHENAB_NIF,332,100000,COPPER,,,,0,5,-15,43,0,,,55,,,
1,1,NPU,0,CHENAB_NIF,333,100000,COPPER,,,,0,5,-15,43,0,,,55,,,
1,1,NPU,0,CHENAB_NIF,334,100000,COPPER,,,,0,5,-15,43,0,,,55,,,
1,1,NPU,0,CHENAB_NIF,335,100000,COPPER,,,,0,5,-15,43,0,,,55,,,
1,1,NPU,0,CHENAB_NIF,336,100000,COPPER,,,,0,5,-15,43,0,,,55,,,
1,1,NPU,0,CHENAB_NIF,337,100000,COPPER,,,,0,5,-15,43,0,,,55,,,
1,1,NPU,0,CHENAB_NIF,338,100000,COPPER,,,,0,5,-15,43,0,,,55,,,
1,1,NPU,0,CHENAB_NIF,339,100000,COPPER,,,,0,5,-15,43,0,,,55,,,
1,1,NPU,0,CHENAB_NIF,340,100000,COPPER,,,,0,5,-15,43,0,,,55,,,
1,1,NPU,0,CHENAB_NIF,341,100000,COPPER,,,,0,5,-15,43,0,,,55,,,
1,1,NPU,0,CHENAB_NIF,342,100000,COPPER,,,,0,5,-15,43,0,,,55,,,
1,1,NPU,0,CHENAB_NIF,343,100000,COPPER,,,,0,5,-15,43,0,,,55,,,
1,1,NPU,0,CHENAB_NIF,344,100000,COPPER,,,,0,5,-15,43,0,,,55,,,
1,1,NPU,0,CHENAB_NIF,345,100000,COPPER,,,,0,5,-15,43,0,,,55,,,
1,1,NPU,0,CHENAB_NIF,346,100000,COPPER,,,,0,5,-15,43,0,,,55,,,
1,1,NPU,0,CHENAB_NIF,347,100000,COPPER,,,,0,5,-15,43,0,,,55,,,
1,1,NPU,0,CHENAB_NIF,348,100000,COPPER,,,,0,5,-15,43,0,,,55,,,
1,1,NPU,0,CHENAB_NIF,349,100000,COPPER,,,,0,5,-15,43,0,,,55,,,
1,1,NPU,0,CHENAB_NIF,350,100000,COPPER,,,,0,5,-15,43,0,,,55,,,
1,1,NPU,0,CHENAB_NIF,351,100000,COPPER,,,,0,5,-15,43,0,,,55,,,
1,1,NPU,0,CHENAB_NIF,352,100000,COPPER,,,,0,5,-15,43,0,,,55,,,
1,1,NPU,0,CHENAB_NIF,353,100000,COPPER,,,,0,5,-15,43,0,,,55,,,
1,1,NPU,0,CHENAB_NIF,354,100000,COPPER,,,,0,5,-15,43,0,,,55,,,
1,1,NPU,0,CHENAB_NIF,355,100000,COPPER,,,,0,5,-15,43,0,,,55,,,
1,1,NPU,0,CHENAB_NIF,356,100000,COPPER,,,,0,5,-15,43,0,,,55,,,
1,1,NPU,0,CHENAB_NIF,357,100000,COPPER,,,,0,5,-15,43,0,,,55,,,
1,1,NPU,0,CHENAB_NIF,358,100000,COPPER,,,,0,5,-15,43,0,,,55,,,
1,1,NPU,0,CHENAB_NIF,359,100000,COPPER,,,,0,5,-15,43,0,,,55,,,
1,1,NPU,0,CHENAB_NIF,360,100000,COPPER,,,,0,5,-15,43,0,,,55,,,
1,1,NPU,0,CHENAB_NIF,361,100000,COPPER,,,,0,5,-15,43,0,,,55,,,
1,1,NPU,0,CHENAB_NIF,362,100000,COPPER,,,,0,5,-15,43,0,,,55,,,
1,1,NPU,0,CHENAB_NIF,363,100000,COPPER,,,,0,5,-15,43,0,,,55,,,
1,1,NPU,0,CHENAB_NIF,364,100000,COPPER,,,,0,5,-15,43,0,,,55,,,
1,1,NPU,0,CHENAB_NIF,365,100000,COPPER,,,,0,5,-15,43,0,,,55,,,
1,1,NPU,0,CHENAB_NIF,366,100000,COPPER,,,,0,5,-15,43,0,,,55,,,
1,1,NPU,0,CHENAB_NIF,367,100000,COPPER,,,,0,5,-15,43,0,,,55,,,
1,1,NPU,0,CHENAB_NIF,368,100000,COPPER,,,,0,5,-15,43,0,,,55,,,
1,1,NPU,0,CHENAB_NIF,369,100000,COPPER,,,,0,5,-15,43,0,,,55,,,
1,1,NPU,0,CHENAB_NIF,370,100000,COPPER,,,,0,5,-15,43,0,,,55,,,
1,1,NPU,0,CHENAB_NIF,371,100000,COPPER,,,,0,5,-15,43,0,,,55,,,
1,1,NPU,0,CHENAB_NIF,372,100000,COPPER,,,,0,5,-15,43,0,,,55,,,
1,1,NPU,0,CHENAB_NIF,373,100000,COPPER,,,,0,5,-15,43,0,,,55,,,
1,1,NPU,0,CHENAB_NIF,374,100000,COPPER,,,,0,5,-15,43,0,,,55,,,
1,1,NPU,0,CHENAB_NIF,375,100000,COPPER,,,,0,5,-15,43,0,,,55,,,
1,1,NPU,0,CHENAB_NIF,376,100000,COPPER,,,,0,5,-15,43,0,,,55,,,
1,1,NPU,0,CHENAB_NIF,377,100000,COPPER,,,,0,5,-15,43,0,,,55,,,
1,1,NPU,0,CHENAB_NIF,378,100000,COPPER,,,,0,5,-15,43,0,,,55,,,
1,1,NPU,0,CHENAB_NIF,379,100000,COPPER,,,,0,5,-15,43,0,,,55,,,
1,1,NPU,0,CHENAB_NIF,380,100000,COPPER,,,,0,5,-15,43,0,,,55,,,
1,1,NPU,0,CHENAB_NIF,381,100000,COPPER,,,,0,5,-15,43,0,,,55,,,
1,1,NPU,0,CHENAB_NIF,382,100000,COPPER,,,,0,5,-15,43,0,,,55,,,
1,1,NPU,0,CHENAB_NIF,383,100000,COPPER,,,,0,5,-15,43,0,,,55,,,
1,1,NPU,0,CHENAB_NIF,384,100000,COPPER,,,,0,5,-15,43,0,,,55,,,
1,1,NPU,0,CHENAB_NIF,385,100000,COPPER,,,,0,5,-15,43,0,,,55,,,
1,1,NPU,0,CHENAB_NIF,386,100000,COPPER,,,,0,5,-15,43,0,,,55,,,
1,1,NPU,0,CHENAB_NIF,387,100000,COPPER,,,,0,5,-15,43,0,,,55,,,
1,1,NPU,0,CHENAB_NIF,388,100000,COPPER,,,,0,5,-15,43,0,,,55,,,
1,1,NPU,0,CHENAB_NIF,389,100000,COPPER,,,,0,5,-15,43,0,,,55,,,
1,1,NPU,0,CHENAB_NIF,390,100000,COPPER,,,,0,5,-15,43,0,,,55,,,
1,1,NPU,0,CHENAB_NIF,391,100000,COPPER,,,,0,5,-15,43,0,,,55,,,
1,1,NPU,0,CHENAB_NIF,392,100000,COPPER,,,,0,5,-15,43,0,,,55,,,
1,1,NPU,0,CHENAB_NIF,393,100000,COPPER,,,,0,5,-15,43,0,,,55,,,
1,1,NPU,0,CHENAB_NIF,394,100000,COPPER,,,,0,5,-15,43,0,,,55,,,
1,1,NPU,0,CHENAB_NIF,395,100000,COPPER,,,,0,5,-15,43,0,,,55,,,
1,1,NPU,0,CHENAB_NIF,396,100000,COPPER,,,,0,5,-15,43,0,,,55,,,
1,1,NPU,0,CHENAB_NIF,397,100000,COPPER,,,,0,5,-15,43,0,,,55,,,
1,1,NPU,0,CHENAB_NIF,398,100000,COPPER,,,,0,5,-15,43,0,,,55,,,
1,1,NPU,0,CHENAB_NIF,399,100000,COPPER,,,,0,5,-15,43,0,,,55,,,
1,1,NPU,0,CHENAB_NIF,400,100000,COPPER,,,,0,5,-15,43,0,,,55,,,
1,1,NPU,0,CHENAB_NIF,401,100000,COPPER,,,,0,5,-15,43,0,,,55,,,
1,1,NPU,0,CHENAB_NIF,402,100000,COPPER,,,,0,5,-15,43,0,,,55,,,
1,1,NPU,0,CHENAB_NIF,403,100000,COPPER,,,,0,5,-15,43,0,,,55,,,
1,1,NPU,0,CHENAB_NIF,404,100000,COPPER,,,,0,5,-15,43,0,,,55,,,
1,1,NPU,0,CHENAB_NIF,405,100000,COPPER,,,,0,5,-15,43,0,,,55,,,
1,1,NPU,0,CHENAB_NIF,406,100000,COPPER,,,,0,5,-15,43,0,,,55,,,
1,1,NPU,0,CHENAB_NIF,407,100000,COPPER,,,,0,5,-15,43,0,,,55,,,
1,1,NPU,0,CHENAB_NIF,408,100000,COPPER,,,,0,5,-15,43,0,,,55,,,
1,1,NPU,0,CHENAB_NIF,409,100000,COPPER,,,,0,5,-15,43,0,,,55,,,
1,1,NPU,0,CHENAB_NIF,410,100000,COPPER,,,,0,5,-15,43,0,,,55,,,
1,1,NPU,0,CHENAB_NIF,411,100000,COPPER,,,,0,5,-15,43,0,,,55,,,
1,1,NPU,0,CHENAB_NIF,412,100000,COPPER,,,,0,5,-15,43,0,,,55,,,
1,1,NPU,0,CHENAB_NIF,413,100000,COPPER,,,,0,5,-15,43,0,,,55,,,
1,1,NPU,0,CHENAB_NIF,414,100000,COPPER,,,,0,5,-15,43,0,,,55,,,
1,1,NPU,0,CHENAB_NIF,415,100000,COPPER,,,,0,5,-15,43,0,,,55,,,
1,1,NPU,0,CHENAB_NIF,416,100000,COPPER,,,,0,5,-15,43,0,,,55,,,
1,1,NPU,0,CHENAB_NIF,417,100000,COPPER,,,,0,5,-15,43,0,,,55,,,
1,1,NPU,0,CHENAB_NIF,418,100000,COPPER,,,,0,5,-15,43,0,,,55,,,
1,1,NPU,0,CHENAB_NIF,419,100000,COPPER,,,,0,5,-15,43,0,,,55,,,
1,1,NPU,0,CHENAB_NIF,420,100000,COPPER,,,,0,5,-15,43,0,,,55,,,
1,1,NPU,0,CHENAB_NIF,421,100000,COPPER,,,,0,5,-15,43,0,,,55,,,
1,1,NPU,0,CHENAB_NIF,422,100000,COPPER,,,,0,5,-15,43,0,,,55,,,
1,1,NPU,0,CHENAB_NIF,423,100000,COPPER,,,,0,5,-15,43,0,,,55,,,
1,1,NPU,0,CHENAB_NIF,424,100000,COPPER,,,,0,5,-15,43,0,,,55,,,
1,1,NPU,0,CHENAB_NIF,425,100000,COPPER,,,,0,5,-15,43,0,,,55,,,
1,1,NPU,0,CHENAB_NIF,426,100000,COPPER,,,,0,5,-15,43,0,,,55,,,
1,1,NPU,0,CHENAB_NIF,427,100000,COPPER,,,,0,5,-15,43,0,,,55,,,
1,1,NPU,0,CHENAB_NIF,428,100000,COPPER,,,,0,5,-15,43,0,,,55,,,
1,1,NPU,0,CHENAB_NIF,429,100000,COPPER,,,,0,5,-15,43,0,,,55,,,
1,1,NPU,0,CHENAB_NIF,430,100000,COPPER,,,,0,5,-15,43,0,,,55,,,
1,1,NPU,0,CHENAB_NIF,431,100000,COPPER,,,,0,5,-15,43,0,,,55,,,
1,1,NPU,0,CHENAB_NIF,432,100000,COPPER,,,,0,5,-15,43,0,,,55,,,
1,1,NPU,0,CHENAB_NIF,433,100000,COPPER,,,,0,5,-15,43,0,,,55,,,
1,1,NPU,0,CHENAB_NIF,434,100000,COPPER,,,,0,5,-15,43,0,,,55,,,
1,1,NPU,0,CHENAB_NIF,435,100000,COPPER,,,,0,5,-15,43,0,,,55,,,
1,1,NPU,0,CHENAB_NIF,436,100000,COPPER,,,,0,5,-15,43,0,,,55,,,
1,1,NPU,0,CHENAB_NIF,437,100000,COPPER,,,,0,5,-15,43,0,,,55,,,
1,1,NPU,0,CHENAB_NIF,438,100000,COPPER,,,,0,5,-15,43,0,,,55,,,
1,1,NPU,0,CHENAB_NIF,439,100000,COPPER,,,,0,5,-15,43,0,,,55,,,
1,1,NPU,0,CHENAB_NIF,440,100000,COPPER,,,,0,5,-15,43,0,,,55,,,
1,1,NPU,0,CHENAB_NIF,441,100000,COPPER,,,,0,5,-15,43,0,,,55,,,
1,1,NPU,0,CHENAB_NIF,442,100000,COPPER,,,,0,5,-15,43,0,,,55,,,
1,1,NPU,0,CHENAB_NIF,443,100000,COPPER,,,,0,5,-15,43,0,,,55,,,
1,1,NPU,0,CHENAB_NIF,444,100000,COPPER,,,,0,5,-15,43,0,,,55,,,
1,1,NPU,0,CHENAB_NIF,445,100000,COPPER,,,,0,5,-15,43,0,,,55,,,
1,1,NPU,0,CHENAB_NIF,446,100000,COPPER,,,,0,5,-15,43,0,,,55,,,
1,1,NPU,0,CHENAB_NIF,447,100000,COPPER,,,,0,5,-15,43,0,,,55,,,
1,1,NPU,0,CHENAB_NIF,448,100000,COPPER,,,,0,5,-15,43,0,,,55,,,
1,1,NPU,0,CHENAB_NIF,449,100000,COPPER,,,,0,5,-15,43,0,,,55,,,
1,1,NPU,0,CHENAB_NIF,450,100000,COPPER,,,,0,5,-15,43,0,,,55,,,
1,1,NPU,0,CHENAB_NIF,451,100000,COPPER,,,,0,5,-15,43,0,,,55,,,
1,1,NPU,0,CHENAB_NIF,452,100000,COPPER,,,,0,5,-15,43,0,,,55,,,
1,1,NPU,0,CHENAB_NIF,453,100000,COPPER,,,,0,5,-15,43,0,,,55,,,
1,1,NPU,0,CHENAB_NIF,454,100000,COPPER,,,,0,5,-15,43,0,,,55,,,
1,1,NPU,0,CHENAB_NIF,455,100000,COPPER,,,,0,5,-15,43,0,,,55,,,
1,1,NPU,0,CHENAB_NIF,456,100000,COPPER,,,,0,5,-15,43,0,,,55,,,
1,1,NPU,0,CHENAB_NIF,457,100000,COPPER,,,,0,5,-15,43,0,,,55,,,
1,1,NPU,0,CHENAB_NIF,458,100000,COPPER,,,,0,5,-15,43,0,,,55,,,
1,1,NPU,0,CHENAB_NIF,459,100000,COPPER,,,,0,5,-15,43,0,,,55,,,
1,1,NPU,0,CHENAB_NIF,460,100000,COPPER,,,,0,5,-15,43,0,,,55,,,
1,1,NPU,0,CHENAB_NIF,461,100000,COPPER,,,,0,5,-15,43,0,,,55,,,
1,1,NPU,0,CHENAB_NIF,462,100000,COPPER,,,,0,5,-15,43,0,,,55,,,
1,1,NPU,0,CHENAB_NIF,463,100000,COPPER,,,,0,5,-15,43,0,,,55,,,
1,1,NPU,0,CHENAB_NIF,464,100000,COPPER,,,,0,5,-15,43,0,,,55,,,
1,1,NPU,0,CHENAB_NIF,465,100000,COPPER,,,,0,5,-15,43,0,,,55,,,
1,1,NPU,0,CHENAB_NIF,466,100000,COPPER,,,,0,5,-15,43,0,,,55,,,
1,1,NPU,0,CHENAB_NIF,467,100000,COPPER,,,,0,5,-15,43,0,,,55,,,
1,1,NPU,0,CHENAB_NIF,468,100000,COPPER,,,,0,5,-15,43,0,,,55,,,
1,1,NPU,0,CHENAB_NIF,469,100000,COPPER,,,,0,5,-15,43,0,,,55,,,
1,1,NPU,0,CHENAB_NIF,470,100000,COPPER,,,,0,5,-15,43,0,,,55,,,
1,1,NPU,0,CHENAB_NIF,471,100000,COPPER,,,,0,5,-15,43,0,,,55,,,
1,1,NPU,0,CHENAB_NIF,472,100000,COPPER,,,,0,5,-15,43,0,,,55,,,
1,1,NPU,0,CHENAB_NIF,473,100000,COPPER,,,,0,5,-15,43,0,,,55,,,
1,1,NPU,0,CHENAB_NIF,474,100000,COPPER,,,,0,5,-15,43,0,,,55,,,
1,1,NPU,0,CHENAB_NIF,475,100000,COPPER,,,,0,5,-15,43,0,,,55,,,
1,1,NPU,0,CHENAB_NIF,476,100000,COPPER,,,,0,5,-15,43,0,,,55,,,
1,1,NPU,0,CHENAB_NIF,477,100000,COPPER,,,,0,5,-15,43,0,,,55,,,
1,1,NPU,0,CHENAB_NIF,478,100000,COPPER,,,,0,5,-15,43,0,,,55,,,
1,1,NPU,0,CHENAB_NIF,479,100000,COPPER,,,,0,5,-15,43,0,,,55,,,
1,1,NPU,0,CHENAB_NIF,480,100000,COPPER,,,,0,5,-15,43,0,,,55,,,
1,1,NPU,0,CHENAB_NIF,481,100000,COPPER,,,,0,5,-15,43,0,,,55,,,
1,1,NPU,0,CHENAB_NIF,482,100000,COPPER,,,,0,5,-15,43,0,,,55,,,
1,1,NPU,0,CHENAB_NIF,483,100000,COPPER,,,,0,5,-15,43,0,,,55,,,
1,1,NPU,0,CHENAB_NIF,484,100000,COPPER,,,,0,5,-15,43,0,,,55,,,
1,1,NPU,0,CHENAB_NIF,485,100000,COPPER,,,,0,5,-15,43,0,,,55,,,
1,1,NPU,0,CHENAB_NIF,486,100000,COPPER,,,,0,5,-15,43,0,,,55,,,
1,1,NPU,0,CHENAB_NIF,487,100000,COPPER,,,,0,5,-15,43,0,,,55,,,
1,1,NPU,0,CHENAB_NIF,488,100000,COPPER,,,,0,5,-15,43,0,,,55,,,
1,1,NPU,0,CHENAB_NIF,489,100000,COPPER,,,,0,5,-15,43,0,,,55,,,
1,1,NPU,0,CHENAB_NIF,490,100000,COPPER,,,,0,5,-15,43,0,,,55,,,
1,1,NPU,0,CHENAB_NIF,491,100000,COPPER,,,,0,5,-15,43,0,,,55,,,
1,1,NPU,0,CHENAB_NIF,492,100000,COPPER,,,,0,5,-15,43,0,,,55,,,
1,1,NPU,0,CHENAB_NIF,493,100000,COPPER,,,,0,5,-15,43,0,,,55,,,
1,1,NPU,0,CHENAB_NIF,494,100000,COPPER,,,,0,5,-15,43,0,,,55,,,
1,1,NPU,0,CHENAB_NIF,495,100000,COPPER,,,,0,5,-15,43,0,,,55,,,
1,1,NPU,0,CHENAB_NIF,496,100000,COPPER,,,,0,5,-15,43,0,,,55,,,
1,1,NPU,0,CHENAB_NIF,497,100000,COPPER,,,,0,5,-15,43,0,,,55,,,
1,1,NPU,0,CHENAB_NIF,498,100000,COPPER,,,,0,5,-15,43,0,,,55,,,
1,1,NPU,0,CHENAB_NIF,499,100000,COPPER,,,,0,5,-15,43,0,,,55,,,
1,1,NPU,0,CHENAB_NIF,500,100000,COPPER,,,,0,5,-15,43,0,,,55,,,
1,1,NPU,0,CHENAB_NIF,501,100000,COPPER,,,,0,5,-15,43,0,,,55,,,
1,1,NPU,0,CHENAB_NIF,502,100000,COPPER,,,,0,5,-15,43,0,,,55,,,
1,1,NPU,0,CHENAB_NIF,503,100000,COPPER,,,,0,5,-15,43,0,,,55,,,
1,1,NPU,0,CHENAB_NIF,504,100000,COPPER,,,,0,5,-15,43,0,,,55,,,
1,1,NPU,0,CHENAB_NIF,505,100000,COPPER,,,,0,5,-15,43,0,,,55,,,
1,1,NPU,0,CHENAB_NIF,506,100000,COPPER,,,,0,5,-15,43,0,,,55,,,
1,1,NPU,0,CHENAB_NIF,507,100000,COPPER,,,,0,5,-15,43,0,,,55,,,
1,1,NPU,0,CHENAB_NIF,508,100000,COPPER,,,,0,5,-15,43,0,,,55,,,
1,1,NPU,0,CHENAB_NIF,509,100000,COPPER,,,,0,5,-15,43,0,,,55,,,
1,1,NPU,0,CHENAB_NIF,510,100000,COPPER,,,,0,5,-15,43,0,,,55,,,
1,1,NPU,0,CHENAB_NIF,511,100000,COPPER,,,,0,5,-15,43,0,,,55,,,
1,1,NPU,0,CHENAB_NIF,512,50000,COPPER,,,,0,5,-15,43,0,,,55,,,
1,1,NPU,0,CHENAB_NIF,513,50000,COPPER,,,,0,5,-15,43,0,,,55,,,
