TcvrId,TcvrLaneIdList,PimId,AccessControllerId,AccessControlType,ResetPath,ResetMask,ResetHoldHi,PresentPath,PresentMask,PresentHoldHi,IoControllerId,IoControlType,IoPath,LedId,LedBluePath,LedYellowPath
1,1 2 3 4,1,1,CPLD,/run/devmap/xcvrs/xcvr_1/xcvr_reset_1,1,1,/run/devmap/xcvrs/xcvr_1/xcvr_present_1,1,0,1,I2C,/run/devmap/i2c-busses/XCVR_1,1,/sys/class/leds/port1_led1:blue:status,/sys/class/leds/port1_led1:yellow:status
1,5 6 7 8,1,1,CPLD,/run/devmap/xcvrs/xcvr_1/xcvr_reset_1,1,1,/run/devmap/xcvrs/xcvr_1/xcvr_present_1,1,0,1,I2C,/run/devmap/i2c-busses/XCVR_1,2,/sys/class/leds/port1_led2:blue:status,/sys/class/leds/port1_led2:yellow:status
2,1 2 3 4,1,2,CPLD,/run/devmap/xcvrs/xcvr_2/xcvr_reset_2,1,1,/run/devmap/xcvrs/xcvr_2/xcvr_present_2,1,0,2,I2C,/run/devmap/i2c-busses/XCVR_2,3,/sys/class/leds/port2_led1:blue:status,/sys/class/leds/port2_led1:yellow:status
2,5 6 7 8,1,2,CPLD,/run/devmap/xcvrs/xcvr_2/xcvr_reset_2,1,1,/run/devmap/xcvrs/xcvr_2/xcvr_present_2,1,0,2,I2C,/run/devmap/i2c-busses/XCVR_2,4,/sys/class/leds/port2_led2:blue:status,/sys/class/leds/port2_led2:yellow:status
3,1 2 3 4,1,3,CPLD,/run/devmap/xcvrs/xcvr_3/xcvr_reset_3,1,1,/run/devmap/xcvrs/xcvr_3/xcvr_present_3,1,0,3,I2C,/run/devmap/i2c-busses/XCVR_3,5,/sys/class/leds/port3_led1:blue:status,/sys/class/leds/port3_led1:yellow:status
3,5 6 7 8,1,3,CPLD,/run/devmap/xcvrs/xcvr_3/xcvr_reset_3,1,1,/run/devmap/xcvrs/xcvr_3/xcvr_present_3,1,0,3,I2C,/run/devmap/i2c-busses/XCVR_3,6,/sys/class/leds/port3_led2:blue:status,/sys/class/leds/port3_led2:yellow:status
4,1 2 3 4,1,4,CPLD,/run/devmap/xcvrs/xcvr_4/xcvr_reset_4,1,1,/run/devmap/xcvrs/xcvr_4/xcvr_present_4,1,0,4,I2C,/run/devmap/i2c-busses/XCVR_4,7,/sys/class/leds/port4_led1:blue:status,/sys/class/leds/port4_led1:yellow:status
4,5 6 7 8,1,4,CPLD,/run/devmap/xcvrs/xcvr_4/xcvr_reset_4,1,1,/run/devmap/xcvrs/xcvr_4/xcvr_present_4,1,0,4,I2C,/run/devmap/i2c-busses/XCVR_4,8,/sys/class/leds/port4_led2:blue:status,/sys/class/leds/port4_led2:yellow:status
5,1 2 3 4,1,5,CPLD,/run/devmap/xcvrs/xcvr_5/xcvr_reset_5,1,1,/run/devmap/xcvrs/xcvr_5/xcvr_present_5,1,0,5,I2C,/run/devmap/i2c-busses/XCVR_5,9,/sys/class/leds/port5_led1:blue:status,/sys/class/leds/port5_led1:yellow:status
5,5 6 7 8,1,5,CPLD,/run/devmap/xcvrs/xcvr_5/xcvr_reset_5,1,1,/run/devmap/xcvrs/xcvr_5/xcvr_present_5,1,0,5,I2C,/run/devmap/i2c-busses/XCVR_5,10,/sys/class/leds/port5_led2:blue:status,/sys/class/leds/port5_led2:yellow:status
6,1 2 3 4,1,6,CPLD,/run/devmap/xcvrs/xcvr_6/xcvr_reset_6,1,1,/run/devmap/xcvrs/xcvr_6/xcvr_present_6,1,0,6,I2C,/run/devmap/i2c-busses/XCVR_6,11,/sys/class/leds/port6_led1:blue:status,/sys/class/leds/port6_led1:yellow:status
6,5 6 7 8,1,6,CPLD,/run/devmap/xcvrs/xcvr_6/xcvr_reset_6,1,1,/run/devmap/xcvrs/xcvr_6/xcvr_present_6,1,0,6,I2C,/run/devmap/i2c-busses/XCVR_6,12,/sys/class/leds/port6_led2:blue:status,/sys/class/leds/port6_led2:yellow:status
7,1 2 3 4,1,7,CPLD,/run/devmap/xcvrs/xcvr_7/xcvr_reset_7,1,1,/run/devmap/xcvrs/xcvr_7/xcvr_present_7,1,0,7,I2C,/run/devmap/i2c-busses/XCVR_7,13,/sys/class/leds/port7_led1:blue:status,/sys/class/leds/port7_led1:yellow:status
7,5 6 7 8,1,7,CPLD,/run/devmap/xcvrs/xcvr_7/xcvr_reset_7,1,1,/run/devmap/xcvrs/xcvr_7/xcvr_present_7,1,0,7,I2C,/run/devmap/i2c-busses/XCVR_7,14,/sys/class/leds/port7_led2:blue:status,/sys/class/leds/port7_led2:yellow:status
8,1 2 3 4,1,8,CPLD,/run/devmap/xcvrs/xcvr_8/xcvr_reset_8,1,1,/run/devmap/xcvrs/xcvr_8/xcvr_present_8,1,0,8,I2C,/run/devmap/i2c-busses/XCVR_8,15,/sys/class/leds/port8_led1:blue:status,/sys/class/leds/port8_led1:yellow:status
8,5 6 7 8,1,8,CPLD,/run/devmap/xcvrs/xcvr_8/xcvr_reset_8,1,1,/run/devmap/xcvrs/xcvr_8/xcvr_present_8,1,0,8,I2C,/run/devmap/i2c-busses/XCVR_8,16,/sys/class/leds/port8_led2:blue:status,/sys/class/leds/port8_led2:yellow:status
9,1 2 3 4,1,9,CPLD,/run/devmap/xcvrs/xcvr_9/xcvr_reset_9,1,1,/run/devmap/xcvrs/xcvr_9/xcvr_present_9,1,0,9,I2C,/run/devmap/i2c-busses/XCVR_9,17,/sys/class/leds/port9_led1:blue:status,/sys/class/leds/port9_led1:yellow:status
9,5 6 7 8,1,9,CPLD,/run/devmap/xcvrs/xcvr_9/xcvr_reset_9,1,1,/run/devmap/xcvrs/xcvr_9/xcvr_present_9,1,0,9,I2C,/run/devmap/i2c-busses/XCVR_9,18,/sys/class/leds/port9_led2:blue:status,/sys/class/leds/port9_led2:yellow:status
10,1 2 3 4,1,10,CPLD,/run/devmap/xcvrs/xcvr_10/xcvr_reset_10,1,1,/run/devmap/xcvrs/xcvr_10/xcvr_present_10,1,0,10,I2C,/run/devmap/i2c-busses/XCVR_10,19,/sys/class/leds/port10_led1:blue:status,/sys/class/leds/port10_led1:yellow:status
10,5 6 7 8,1,10,CPLD,/run/devmap/xcvrs/xcvr_10/xcvr_reset_10,1,1,/run/devmap/xcvrs/xcvr_10/xcvr_present_10,1,0,10,I2C,/run/devmap/i2c-busses/XCVR_10,20,/sys/class/leds/port10_led2:blue:status,/sys/class/leds/port10_led2:yellow:status
11,1 2 3 4,1,11,CPLD,/run/devmap/xcvrs/xcvr_11/xcvr_reset_11,1,1,/run/devmap/xcvrs/xcvr_11/xcvr_present_11,1,0,11,I2C,/run/devmap/i2c-busses/XCVR_11,21,/sys/class/leds/port11_led1:blue:status,/sys/class/leds/port11_led1:yellow:status
11,5 6 7 8,1,11,CPLD,/run/devmap/xcvrs/xcvr_11/xcvr_reset_11,1,1,/run/devmap/xcvrs/xcvr_11/xcvr_present_11,1,0,11,I2C,/run/devmap/i2c-busses/XCVR_11,22,/sys/class/leds/port11_led2:blue:status,/sys/class/leds/port11_led2:yellow:status
12,1 2 3 4,1,12,CPLD,/run/devmap/xcvrs/xcvr_12/xcvr_reset_12,1,1,/run/devmap/xcvrs/xcvr_12/xcvr_present_12,1,0,12,I2C,/run/devmap/i2c-busses/XCVR_12,23,/sys/class/leds/port12_led1:blue:status,/sys/class/leds/port12_led1:yellow:status
12,5 6 7 8,1,12,CPLD,/run/devmap/xcvrs/xcvr_12/xcvr_reset_12,1,1,/run/devmap/xcvrs/xcvr_12/xcvr_present_12,1,0,12,I2C,/run/devmap/i2c-busses/XCVR_12,24,/sys/class/leds/port12_led2:blue:status,/sys/class/leds/port12_led2:yellow:status
13,1 2 3 4,1,13,CPLD,/run/devmap/xcvrs/xcvr_13/xcvr_reset_13,1,1,/run/devmap/xcvrs/xcvr_13/xcvr_present_13,1,0,13,I2C,/run/devmap/i2c-busses/XCVR_13,25,/sys/class/leds/port13_led1:blue:status,/sys/class/leds/port13_led1:yellow:status
13,5 6 7 8,1,13,CPLD,/run/devmap/xcvrs/xcvr_13/xcvr_reset_13,1,1,/run/devmap/xcvrs/xcvr_13/xcvr_present_13,1,0,13,I2C,/run/devmap/i2c-busses/XCVR_13,26,/sys/class/leds/port13_led2:blue:status,/sys/class/leds/port13_led2:yellow:status
14,1 2 3 4,1,14,CPLD,/run/devmap/xcvrs/xcvr_14/xcvr_reset_14,1,1,/run/devmap/xcvrs/xcvr_14/xcvr_present_14,1,0,14,I2C,/run/devmap/i2c-busses/XCVR_14,27,/sys/class/leds/port14_led1:blue:status,/sys/class/leds/port14_led1:yellow:status
14,5 6 7 8,1,14,CPLD,/run/devmap/xcvrs/xcvr_14/xcvr_reset_14,1,1,/run/devmap/xcvrs/xcvr_14/xcvr_present_14,1,0,14,I2C,/run/devmap/i2c-busses/XCVR_14,28,/sys/class/leds/port14_led2:blue:status,/sys/class/leds/port14_led2:yellow:status
15,1 2 3 4,1,15,CPLD,/run/devmap/xcvrs/xcvr_15/xcvr_reset_15,1,1,/run/devmap/xcvrs/xcvr_15/xcvr_present_15,1,0,15,I2C,/run/devmap/i2c-busses/XCVR_15,29,/sys/class/leds/port15_led1:blue:status,/sys/class/leds/port15_led1:yellow:status
15,5 6 7 8,1,15,CPLD,/run/devmap/xcvrs/xcvr_15/xcvr_reset_15,1,1,/run/devmap/xcvrs/xcvr_15/xcvr_present_15,1,0,15,I2C,/run/devmap/i2c-busses/XCVR_15,30,/sys/class/leds/port15_led2:blue:status,/sys/class/leds/port15_led2:yellow:status
16,1 2 3 4,1,16,CPLD,/run/devmap/xcvrs/xcvr_16/xcvr_reset_16,1,1,/run/devmap/xcvrs/xcvr_16/xcvr_present_16,1,0,16,I2C,/run/devmap/i2c-busses/XCVR_16,31,/sys/class/leds/port16_led1:blue:status,/sys/class/leds/port16_led1:yellow:status
16,5 6 7 8,1,16,CPLD,/run/devmap/xcvrs/xcvr_16/xcvr_reset_16,1,1,/run/devmap/xcvrs/xcvr_16/xcvr_present_16,1,0,16,I2C,/run/devmap/i2c-busses/XCVR_16,32,/sys/class/leds/port16_led2:blue:status,/sys/class/leds/port16_led2:yellow:status
17,1 2 3 4,1,17,CPLD,/run/devmap/xcvrs/xcvr_17/xcvr_reset_17,1,1,/run/devmap/xcvrs/xcvr_17/xcvr_present_17,1,0,17,I2C,/run/devmap/i2c-busses/XCVR_17,33,/sys/class/leds/port17_led1:blue:status,/sys/class/leds/port17_led1:yellow:status
17,5 6 7 8,1,17,CPLD,/run/devmap/xcvrs/xcvr_17/xcvr_reset_17,1,1,/run/devmap/xcvrs/xcvr_17/xcvr_present_17,1,0,17,I2C,/run/devmap/i2c-busses/XCVR_17,34,/sys/class/leds/port17_led2:blue:status,/sys/class/leds/port17_led2:yellow:status
18,1 2 3 4,1,18,CPLD,/run/devmap/xcvrs/xcvr_18/xcvr_reset_18,1,1,/run/devmap/xcvrs/xcvr_18/xcvr_present_18,1,0,18,I2C,/run/devmap/i2c-busses/XCVR_18,35,/sys/class/leds/port18_led1:blue:status,/sys/class/leds/port18_led1:yellow:status
18,5 6 7 8,1,18,CPLD,/run/devmap/xcvrs/xcvr_18/xcvr_reset_18,1,1,/run/devmap/xcvrs/xcvr_18/xcvr_present_18,1,0,18,I2C,/run/devmap/i2c-busses/XCVR_18,36,/sys/class/leds/port18_led2:blue:status,/sys/class/leds/port18_led2:yellow:status
19,1 2 3 4,1,19,CPLD,/run/devmap/xcvrs/xcvr_19/xcvr_reset_19,1,1,/run/devmap/xcvrs/xcvr_19/xcvr_present_19,1,0,19,I2C,/run/devmap/i2c-busses/XCVR_19,37,/sys/class/leds/port19_led1:blue:status,/sys/class/leds/port19_led1:yellow:status
19,5 6 7 8,1,19,CPLD,/run/devmap/xcvrs/xcvr_19/xcvr_reset_19,1,1,/run/devmap/xcvrs/xcvr_19/xcvr_present_19,1,0,19,I2C,/run/devmap/i2c-busses/XCVR_19,38,/sys/class/leds/port19_led2:blue:status,/sys/class/leds/port19_led2:yellow:status
20,1 2 3 4,1,20,CPLD,/run/devmap/xcvrs/xcvr_20/xcvr_reset_20,1,1,/run/devmap/xcvrs/xcvr_20/xcvr_present_20,1,0,20,I2C,/run/devmap/i2c-busses/XCVR_20,39,/sys/class/leds/port20_led1:blue:status,/sys/class/leds/port20_led1:yellow:status
20,5 6 7 8,1,20,CPLD,/run/devmap/xcvrs/xcvr_20/xcvr_reset_20,1,1,/run/devmap/xcvrs/xcvr_20/xcvr_present_20,1,0,20,I2C,/run/devmap/i2c-busses/XCVR_20,40,/sys/class/leds/port20_led2:blue:status,/sys/class/leds/port20_led2:yellow:status
21,1 2 3 4,1,21,CPLD,/run/devmap/xcvrs/xcvr_21/xcvr_reset_21,1,1,/run/devmap/xcvrs/xcvr_21/xcvr_present_21,1,0,21,I2C,/run/devmap/i2c-busses/XCVR_21,41,/sys/class/leds/port21_led1:blue:status,/sys/class/leds/port21_led1:yellow:status
21,5 6 7 8,1,21,CPLD,/run/devmap/xcvrs/xcvr_21/xcvr_reset_21,1,1,/run/devmap/xcvrs/xcvr_21/xcvr_present_21,1,0,21,I2C,/run/devmap/i2c-busses/XCVR_21,42,/sys/class/leds/port21_led2:blue:status,/sys/class/leds/port21_led2:yellow:status
22,1 2 3 4,1,22,CPLD,/run/devmap/xcvrs/xcvr_22/xcvr_reset_22,1,1,/run/devmap/xcvrs/xcvr_22/xcvr_present_22,1,0,22,I2C,/run/devmap/i2c-busses/XCVR_22,43,/sys/class/leds/port22_led1:blue:status,/sys/class/leds/port22_led1:yellow:status
22,5 6 7 8,1,22,CPLD,/run/devmap/xcvrs/xcvr_22/xcvr_reset_22,1,1,/run/devmap/xcvrs/xcvr_22/xcvr_present_22,1,0,22,I2C,/run/devmap/i2c-busses/XCVR_22,44,/sys/class/leds/port22_led2:blue:status,/sys/class/leds/port22_led2:yellow:status
23,1 2 3 4,1,23,CPLD,/run/devmap/xcvrs/xcvr_23/xcvr_reset_23,1,1,/run/devmap/xcvrs/xcvr_23/xcvr_present_23,1,0,23,I2C,/run/devmap/i2c-busses/XCVR_23,45,/sys/class/leds/port23_led1:blue:status,/sys/class/leds/port23_led1:yellow:status
23,5 6 7 8,1,23,CPLD,/run/devmap/xcvrs/xcvr_23/xcvr_reset_23,1,1,/run/devmap/xcvrs/xcvr_23/xcvr_present_23,1,0,23,I2C,/run/devmap/i2c-busses/XCVR_23,46,/sys/class/leds/port23_led2:blue:status,/sys/class/leds/port23_led2:yellow:status
24,1 2 3 4,1,24,CPLD,/run/devmap/xcvrs/xcvr_24/xcvr_reset_24,1,1,/run/devmap/xcvrs/xcvr_24/xcvr_present_24,1,0,24,I2C,/run/devmap/i2c-busses/XCVR_24,47,/sys/class/leds/port24_led1:blue:status,/sys/class/leds/port24_led1:yellow:status
24,5 6 7 8,1,24,CPLD,/run/devmap/xcvrs/xcvr_24/xcvr_reset_24,1,1,/run/devmap/xcvrs/xcvr_24/xcvr_present_24,1,0,24,I2C,/run/devmap/i2c-busses/XCVR_24,48,/sys/class/leds/port24_led2:blue:status,/sys/class/leds/port24_led2:yellow:status
25,1 2 3 4,1,25,CPLD,/run/devmap/xcvrs/xcvr_25/xcvr_reset_25,1,1,/run/devmap/xcvrs/xcvr_25/xcvr_present_25,1,0,25,I2C,/run/devmap/i2c-busses/XCVR_25,49,/sys/class/leds/port25_led1:blue:status,/sys/class/leds/port25_led1:yellow:status
25,5 6 7 8,1,25,CPLD,/run/devmap/xcvrs/xcvr_25/xcvr_reset_25,1,1,/run/devmap/xcvrs/xcvr_25/xcvr_present_25,1,0,25,I2C,/run/devmap/i2c-busses/XCVR_25,50,/sys/class/leds/port25_led2:blue:status,/sys/class/leds/port25_led2:yellow:status
26,1 2 3 4,1,26,CPLD,/run/devmap/xcvrs/xcvr_26/xcvr_reset_26,1,1,/run/devmap/xcvrs/xcvr_26/xcvr_present_26,1,0,26,I2C,/run/devmap/i2c-busses/XCVR_26,51,/sys/class/leds/port26_led1:blue:status,/sys/class/leds/port26_led1:yellow:status
26,5 6 7 8,1,26,CPLD,/run/devmap/xcvrs/xcvr_26/xcvr_reset_26,1,1,/run/devmap/xcvrs/xcvr_26/xcvr_present_26,1,0,26,I2C,/run/devmap/i2c-busses/XCVR_26,52,/sys/class/leds/port26_led2:blue:status,/sys/class/leds/port26_led2:yellow:status
27,1 2 3 4,1,27,CPLD,/run/devmap/xcvrs/xcvr_27/xcvr_reset_27,1,1,/run/devmap/xcvrs/xcvr_27/xcvr_present_27,1,0,27,I2C,/run/devmap/i2c-busses/XCVR_27,53,/sys/class/leds/port27_led1:blue:status,/sys/class/leds/port27_led1:yellow:status
27,5 6 7 8,1,27,CPLD,/run/devmap/xcvrs/xcvr_27/xcvr_reset_27,1,1,/run/devmap/xcvrs/xcvr_27/xcvr_present_27,1,0,27,I2C,/run/devmap/i2c-busses/XCVR_27,54,/sys/class/leds/port27_led2:blue:status,/sys/class/leds/port27_led2:yellow:status
28,1 2 3 4,1,28,CPLD,/run/devmap/xcvrs/xcvr_28/xcvr_reset_28,1,1,/run/devmap/xcvrs/xcvr_28/xcvr_present_28,1,0,28,I2C,/run/devmap/i2c-busses/XCVR_28,55,/sys/class/leds/port28_led1:blue:status,/sys/class/leds/port28_led1:yellow:status
28,5 6 7 8,1,28,CPLD,/run/devmap/xcvrs/xcvr_28/xcvr_reset_28,1,1,/run/devmap/xcvrs/xcvr_28/xcvr_present_28,1,0,28,I2C,/run/devmap/i2c-busses/XCVR_28,56,/sys/class/leds/port28_led2:blue:status,/sys/class/leds/port28_led2:yellow:status
29,1 2 3 4,1,29,CPLD,/run/devmap/xcvrs/xcvr_29/xcvr_reset_29,1,1,/run/devmap/xcvrs/xcvr_29/xcvr_present_29,1,0,29,I2C,/run/devmap/i2c-busses/XCVR_29,57,/sys/class/leds/port29_led1:blue:status,/sys/class/leds/port29_led1:yellow:status
29,5 6 7 8,1,29,CPLD,/run/devmap/xcvrs/xcvr_29/xcvr_reset_29,1,1,/run/devmap/xcvrs/xcvr_29/xcvr_present_29,1,0,29,I2C,/run/devmap/i2c-busses/XCVR_29,58,/sys/class/leds/port29_led2:blue:status,/sys/class/leds/port29_led2:yellow:status
30,1 2 3 4,1,30,CPLD,/run/devmap/xcvrs/xcvr_30/xcvr_reset_30,1,1,/run/devmap/xcvrs/xcvr_30/xcvr_present_30,1,0,30,I2C,/run/devmap/i2c-busses/XCVR_30,59,/sys/class/leds/port30_led1:blue:status,/sys/class/leds/port30_led1:yellow:status
30,5 6 7 8,1,30,CPLD,/run/devmap/xcvrs/xcvr_30/xcvr_reset_30,1,1,/run/devmap/xcvrs/xcvr_30/xcvr_present_30,1,0,30,I2C,/run/devmap/i2c-busses/XCVR_30,60,/sys/class/leds/port30_led2:blue:status,/sys/class/leds/port30_led2:yellow:status
31,1 2 3 4,1,31,CPLD,/run/devmap/xcvrs/xcvr_31/xcvr_reset_31,1,1,/run/devmap/xcvrs/xcvr_31/xcvr_present_31,1,0,31,I2C,/run/devmap/i2c-busses/XCVR_31,61,/sys/class/leds/port31_led1:blue:status,/sys/class/leds/port31_led1:yellow:status
31,5 6 7 8,1,31,CPLD,/run/devmap/xcvrs/xcvr_31/xcvr_reset_31,1,1,/run/devmap/xcvrs/xcvr_31/xcvr_present_31,1,0,31,I2C,/run/devmap/i2c-busses/XCVR_31,62,/sys/class/leds/port31_led2:blue:status,/sys/class/leds/port31_led2:yellow:status
32,1 2 3 4,1,32,CPLD,/run/devmap/xcvrs/xcvr_32/xcvr_reset_32,1,1,/run/devmap/xcvrs/xcvr_32/xcvr_present_32,1,0,32,I2C,/run/devmap/i2c-busses/XCVR_32,63,/sys/class/leds/port32_led1:blue:status,/sys/class/leds/port32_led1:yellow:status
32,5 6 7 8,1,32,CPLD,/run/devmap/xcvrs/xcvr_32/xcvr_reset_32,1,1,/run/devmap/xcvrs/xcvr_32/xcvr_present_32,1,0,32,I2C,/run/devmap/i2c-busses/XCVR_32,64,/sys/class/leds/port32_led2:blue:status,/sys/class/leds/port32_led2:yellow:status
33,1 2 3 4,1,33,CPLD,/run/devmap/xcvrs/xcvr_33/xcvr_reset_33,1,1,/run/devmap/xcvrs/xcvr_33/xcvr_present_33,1,0,33,I2C,/run/devmap/i2c-busses/XCVR_33,65,/sys/class/leds/port33_led1:blue:status,/sys/class/leds/port33_led1:yellow:status
33,5 6 7 8,1,33,CPLD,/run/devmap/xcvrs/xcvr_33/xcvr_reset_33,1,1,/run/devmap/xcvrs/xcvr_33/xcvr_present_33,1,0,33,I2C,/run/devmap/i2c-busses/XCVR_33,66,/sys/class/leds/port33_led2:blue:status,/sys/class/leds/port33_led2:yellow:status
34,1 2 3 4,1,34,CPLD,/run/devmap/xcvrs/xcvr_34/xcvr_reset_34,1,1,/run/devmap/xcvrs/xcvr_34/xcvr_present_34,1,0,34,I2C,/run/devmap/i2c-busses/XCVR_34,67,/sys/class/leds/port34_led1:blue:status,/sys/class/leds/port34_led1:yellow:status
34,5 6 7 8,1,34,CPLD,/run/devmap/xcvrs/xcvr_34/xcvr_reset_34,1,1,/run/devmap/xcvrs/xcvr_34/xcvr_present_34,1,0,34,I2C,/run/devmap/i2c-busses/XCVR_34,68,/sys/class/leds/port34_led2:blue:status,/sys/class/leds/port34_led2:yellow:status
35,1 2 3 4,1,35,CPLD,/run/devmap/xcvrs/xcvr_35/xcvr_reset_35,1,1,/run/devmap/xcvrs/xcvr_35/xcvr_present_35,1,0,35,I2C,/run/devmap/i2c-busses/XCVR_35,69,/sys/class/leds/port35_led1:blue:status,/sys/class/leds/port35_led1:yellow:status
35,5 6 7 8,1,35,CPLD,/run/devmap/xcvrs/xcvr_35/xcvr_reset_35,1,1,/run/devmap/xcvrs/xcvr_35/xcvr_present_35,1,0,35,I2C,/run/devmap/i2c-busses/XCVR_35,70,/sys/class/leds/port35_led2:blue:status,/sys/class/leds/port35_led2:yellow:status
36,1 2 3 4,1,36,CPLD,/run/devmap/xcvrs/xcvr_36/xcvr_reset_36,1,1,/run/devmap/xcvrs/xcvr_36/xcvr_present_36,1,0,36,I2C,/run/devmap/i2c-busses/XCVR_36,71,/sys/class/leds/port36_led1:blue:status,/sys/class/leds/port36_led1:yellow:status
36,5 6 7 8,1,36,CPLD,/run/devmap/xcvrs/xcvr_36/xcvr_reset_36,1,1,/run/devmap/xcvrs/xcvr_36/xcvr_present_36,1,0,36,I2C,/run/devmap/i2c-busses/XCVR_36,72,/sys/class/leds/port36_led2:blue:status,/sys/class/leds/port36_led2:yellow:status
37,1 2 3 4,1,37,CPLD,/run/devmap/xcvrs/xcvr_37/xcvr_reset_37,1,1,/run/devmap/xcvrs/xcvr_37/xcvr_present_37,1,0,37,I2C,/run/devmap/i2c-busses/XCVR_37,73,/sys/class/leds/port37_led1:blue:status,/sys/class/leds/port37_led1:yellow:status
37,5 6 7 8,1,37,CPLD,/run/devmap/xcvrs/xcvr_37/xcvr_reset_37,1,1,/run/devmap/xcvrs/xcvr_37/xcvr_present_37,1,0,37,I2C,/run/devmap/i2c-busses/XCVR_37,74,/sys/class/leds/port37_led2:blue:status,/sys/class/leds/port37_led2:yellow:status
38,1 2 3 4,1,38,CPLD,/run/devmap/xcvrs/xcvr_38/xcvr_reset_38,1,1,/run/devmap/xcvrs/xcvr_38/xcvr_present_38,1,0,38,I2C,/run/devmap/i2c-busses/XCVR_38,75,/sys/class/leds/port38_led1:blue:status,/sys/class/leds/port38_led1:yellow:status
38,5 6 7 8,1,38,CPLD,/run/devmap/xcvrs/xcvr_38/xcvr_reset_38,1,1,/run/devmap/xcvrs/xcvr_38/xcvr_present_38,1,0,38,I2C,/run/devmap/i2c-busses/XCVR_38,76,/sys/class/leds/port38_led2:blue:status,/sys/class/leds/port38_led2:yellow:status
39,1 2 3 4,1,39,CPLD,/run/devmap/xcvrs/xcvr_39/xcvr_reset_39,1,1,/run/devmap/xcvrs/xcvr_39/xcvr_present_39,1,0,39,I2C,/run/devmap/i2c-busses/XCVR_39,77,/sys/class/leds/port39_led1:blue:status,/sys/class/leds/port39_led1:yellow:status
39,5 6 7 8,1,39,CPLD,/run/devmap/xcvrs/xcvr_39/xcvr_reset_39,1,1,/run/devmap/xcvrs/xcvr_39/xcvr_present_39,1,0,39,I2C,/run/devmap/i2c-busses/XCVR_39,78,/sys/class/leds/port39_led2:blue:status,/sys/class/leds/port39_led2:yellow:status
40,1 2 3 4,1,40,CPLD,/run/devmap/xcvrs/xcvr_40/xcvr_reset_40,1,1,/run/devmap/xcvrs/xcvr_40/xcvr_present_40,1,0,40,I2C,/run/devmap/i2c-busses/XCVR_40,79,/sys/class/leds/port40_led1:blue:status,/sys/class/leds/port40_led1:yellow:status
40,5 6 7 8,1,40,CPLD,/run/devmap/xcvrs/xcvr_40/xcvr_reset_40,1,1,/run/devmap/xcvrs/xcvr_40/xcvr_present_40,1,0,40,I2C,/run/devmap/i2c-busses/XCVR_40,80,/sys/class/leds/port40_led2:blue:status,/sys/class/leds/port40_led2:yellow:status
41,1 2 3 4,1,41,CPLD,/run/devmap/xcvrs/xcvr_41/xcvr_reset_41,1,1,/run/devmap/xcvrs/xcvr_41/xcvr_present_41,1,0,41,I2C,/run/devmap/i2c-busses/XCVR_41,81,/sys/class/leds/port41_led1:blue:status,/sys/class/leds/port41_led1:yellow:status
42,1 2 3 4,1,42,CPLD,/run/devmap/xcvrs/xcvr_42/xcvr_reset_42,1,1,/run/devmap/xcvrs/xcvr_42/xcvr_present_42,1,0,42,I2C,/run/devmap/i2c-busses/XCVR_42,82,/sys/class/leds/port42_led1:blue:status,/sys/class/leds/port42_led1:yellow:status
42,5 6 7 8,1,42,CPLD,/run/devmap/xcvrs/xcvr_42/xcvr_reset_42,1,1,/run/devmap/xcvrs/xcvr_42/xcvr_present_42,1,0,42,I2C,/run/devmap/i2c-busses/XCVR_42,83,/sys/class/leds/port42_led2:blue:status,/sys/class/leds/port42_led2:yellow:status
43,1 2 3 4,1,43,CPLD,/run/devmap/xcvrs/xcvr_43/xcvr_reset_43,1,1,/run/devmap/xcvrs/xcvr_43/xcvr_present_43,1,0,43,I2C,/run/devmap/i2c-busses/XCVR_43,84,/sys/class/leds/port43_led1:blue:status,/sys/class/leds/port43_led1:yellow:status
43,5 6 7 8,1,43,CPLD,/run/devmap/xcvrs/xcvr_43/xcvr_reset_43,1,1,/run/devmap/xcvrs/xcvr_43/xcvr_present_43,1,0,43,I2C,/run/devmap/i2c-busses/XCVR_43,85,/sys/class/leds/port43_led2:blue:status,/sys/class/leds/port43_led2:yellow:status
44,1 2 3 4,1,44,CPLD,/run/devmap/xcvrs/xcvr_44/xcvr_reset_44,1,1,/run/devmap/xcvrs/xcvr_44/xcvr_present_44,1,0,44,I2C,/run/devmap/i2c-busses/XCVR_44,86,/sys/class/leds/port44_led1:blue:status,/sys/class/leds/port44_led1:yellow:status
45,1 2 3 4,1,45,CPLD,/run/devmap/xcvrs/xcvr_45/xcvr_reset_45,1,1,/run/devmap/xcvrs/xcvr_45/xcvr_present_45,1,0,45,I2C,/run/devmap/i2c-busses/XCVR_45,87,/sys/class/leds/port45_led1:blue:status,/sys/class/leds/port45_led1:yellow:status
45,5 6 7 8,1,45,CPLD,/run/devmap/xcvrs/xcvr_45/xcvr_reset_45,1,1,/run/devmap/xcvrs/xcvr_45/xcvr_present_45,1,0,45,I2C,/run/devmap/i2c-busses/XCVR_45,88,/sys/class/leds/port45_led2:blue:status,/sys/class/leds/port45_led2:yellow:status
46,1 2 3 4,1,46,CPLD,/run/devmap/xcvrs/xcvr_46/xcvr_reset_46,1,1,/run/devmap/xcvrs/xcvr_46/xcvr_present_46,1,0,46,I2C,/run/devmap/i2c-busses/XCVR_46,89,/sys/class/leds/port46_led1:blue:status,/sys/class/leds/port46_led1:yellow:status
46,5 6 7 8,1,46,CPLD,/run/devmap/xcvrs/xcvr_46/xcvr_reset_46,1,1,/run/devmap/xcvrs/xcvr_46/xcvr_present_46,1,0,46,I2C,/run/devmap/i2c-busses/XCVR_46,90,/sys/class/leds/port46_led2:blue:status,/sys/class/leds/port46_led2:yellow:status
